[{
    "model": "auth.user",
    "pk": 1,
    "fields": {
        "password": "pbkdf2_sha256$36000$yzGU31Tt9Jmw$wfRk5OVTvFSl+m8ZoGe5G35nE/5+Bluv97skrLt9WP0=",
        "last_login": "2019-02-14T21:31:28.693Z",
        "is_superuser": true,
        "username": "admin",
        "first_name": "Mr",
        "last_name": "Admin",
        "email": "admin@dropified.com",
        "is_staff": true,
        "is_active": true,
        "date_joined": "2019-02-14T21:30:58.422Z",
        "groups": [],
        "user_permissions": []
    }
}, {
    "model": "leadgalaxy.userprofile",
    "pk": 1,
    "fields": {
        "user": ["admin"],
        "plan": 1,
        "subuser_parent": null,
        "stores": -2,
        "products": -2,
        "boards": -2,
        "status": 1,
        "country": "",
        "timezone": "",
        "emails": "",
        "ips": "",
        "tags": null,
        "config": "{\"_tos-accept\": \"1550180036\", \"_dropified-challenge\": \"1550180070\", \"_first_visit\": false, \"orders_track_visited_at\": 1550180100}",
        "sync_delay_notify": 0,
        "shopify_app_store": false,
        "plan_expire_at": null,
        "plan_after_expire": null,
        "company": null,
        "bundles": [],
        "subuser_stores": [],
        "subuser_chq_stores": [],
        "subuser_woo_stores": [],
        "subuser_gear_stores": [],
        "subuser_bigcommerce_stores": [],
        "subuser_permissions": [],
        "subuser_chq_permissions": [],
        "subuser_woo_permissions": [],
        "subuser_gear_permissions": [],
        "subuser_bigcommerce_permissions": []
    }
}, {
    "model": "leadgalaxy.subuserpermission",
    "pk": 1,
    "fields": {
        "codename": "edit_settings",
        "name": "Edit settings",
        "store": null
    }
}, {
    "model": "leadgalaxy.subuserpermission",
    "pk": 2,
    "fields": {
        "codename": "view_product_boards",
        "name": "View product boards",
        "store": null
    }
}, {
    "model": "leadgalaxy.subuserpermission",
    "pk": 3,
    "fields": {
        "codename": "edit_product_boards",
        "name": "Edit product boards",
        "store": null
    }
}, {
    "model": "leadgalaxy.subuserpermission",
    "pk": 4,
    "fields": {
        "codename": "view_help_and_support",
        "name": "View help and support",
        "store": null
    }
}, {
    "model": "leadgalaxy.subuserpermission",
    "pk": 5,
    "fields": {
        "codename": "view_bonus_training",
        "name": "View bonus training",
        "store": null
    }
}, {
    "model": "leadgalaxy.subuserpermission",
    "pk": 6,
    "fields": {
        "codename": "view_profit_dashboard",
        "name": "View profit dashboard",
        "store": null
    }
},
  {
    "model": "leadgalaxy.shopifystore",
    "pk": 1,
    "fields": {
        "title": "Uncommon Now",
        "currency_format": "${{amount}}",
        "api_url": "https://:97d51b6567adca7ed225a66a61f34061@rank-engine.myshopify.com",
        "shop": "rank-engine.myshopify.com",
        "access_token": "97d51b6567adca7ed225a66a61f34061",
        "scope": "write_content,write_products,write_customers,write_orders,write_fulfillments,write_shipping,read_analytics,write_inventory,read_locations,read_all_orders",
        "primary_location": 16814981,
        "is_active": true,
        "store_hash": "9ca8aea6cf908cd1c14139ad3644acb2",
        "version": 2,
        "info": "{\"currency\": \"USD\", \"money_in_emails_format\": \"${{amount}}\", \"checkout_api_supported\": true, \"timezone\": \"(GMT-06:00) Central Time (US & Canada)\", \"primary_location_id\": 16814981, \"google_apps_login_enabled\": null, \"domain\": \"uncommonnow.com\", \"customer_email\": \"support@uncommonnow.com\", \"plan_display_name\": \"Basic Shopify\", \"country_code\": \"US\", \"email\": \"chasebowers@gmail.com\", \"multi_location_enabled\": true, \"has_storefront\": true, \"has_gift_cards\": false, \"iana_timezone\": \"America/Chicago\", \"address1\": \"4595 Clubview Drive\", \"force_ssl\": true, \"country_name\": \"United States\", \"money_with_currency_format\": \"$ {{amount}} USD\", \"weight_unit\": \"lb\", \"plan_name\": \"basic\", \"requires_extra_payments_agreement\": false, \"city\": \"Bessemer\", \"password_enabled\": false, \"country\": \"US\", \"longitude\": -86.990324, \"taxes_included\": false, \"phone\": \"2056577766\", \"money_format\": \"$ {{amount}}\", \"eligible_for_card_reader_giveaway\": true, \"shop_owner\": \"James Bowers\", \"setup_required\": false, \"name\": \"Uncommon Now\", \"has_discounts\": true, \"eligible_for_payments\": true, \"province\": \"Alabama\", \"source\": null, \"address2\": \"\", \"id\": 10131174, \"updated_at\": \"2019-02-12T18:19:29-06:00\", \"county_taxes\": true, \"google_apps_domain\": null, \"tax_shipping\": null, \"myshopify_domain\": \"rank-engine.myshopify.com\", \"latitude\": 33.327819, \"primary_locale\": \"en\", \"finances\": true, \"money_with_currency_in_emails_format\": \"${{amount}} USD\", \"province_code\": \"AL\", \"zip\": \"35022\", \"enabled_presentment_currencies\": [\"USD\"], \"created_at\": \"2015-10-03T16:09:50-05:00\", \"pre_launch_enabled\": false}",
        "list_index": 0,
        "auto_fulfill": null,
        "user": ["admin"],
        "created_at": "2019-02-14T21:36:08.545Z",
        "updated_at": "2019-02-14T21:36:44.100Z",
        "uninstalled_at": null,
        "delete_request_at": null
    }
}, {
    "model": "leadgalaxy.shopifyproduct",
    "pk": 1,
    "fields": {
        "store": 1,
        "user": ["admin"],
        "data": "{\"published\": true, \"collections\": [], \"compare_at_price\": 3.98, \"price_range\": null, \"images\": [\"https://cdn.shopify.com/s/files/1/1013/1174/products/MYORED-Fashion-Colorful-Socks-Men-Hit-Color-argyle-Stripes-big-dot-Jacquard-filled-optic-combed-Cotton_29aceb4a-38ca-4f0e-998f-7e60c5aa1c32.jpg?v=1549110675\", \"https://cdn.shopify.com/s/files/1/1013/1174/products/MYORED-Fashion-Colorful-Socks-Men-Hit-Color-argyle-Stripes-big-dot-Jacquard-filled-optic-combed-Cotton_8229cd78-b0de-4e60-a5c3-2d74b1598176.jpg?v=1549110675\", \"https://cdn.shopify.com/s/files/1/1013/1174/products/MYORED-Fashion-Colorful-Socks-Men-Hit-Color-argyle-Stripes-big-dot-Jacquard-filled-optic-combed-Cotton_1be884e3-cf6f-40c0-8e50-71f6e09ff0d9.jpg?v=1549110675\", \"https://cdn.shopify.com/s/files/1/1013/1174/products/MYORED-Fashion-Colorful-Socks-Men-Hit-Color-argyle-Stripes-big-dot-Jacquard-filled-optic-combed-Cotton_f5b0318c-b632-4597-9fb1-45e21c83e24c.jpg?v=1549110675\", \"https://cdn.shopify.com/s/files/1/1013/1174/products/MYORED-Fashion-Colorful-Socks-Men-Hit-Color-argyle-Stripes-big-dot-Jacquard-filled-optic-combed-Cotton_6b9a6bcb-8144-4c26-896e-679d5a7224f8.jpg?v=1549110675\", \"https://cdn.shopify.com/s/files/1/1013/1174/products/MYORED-Fashion-Colorful-Socks-Men-Hit-Color-argyle-Stripes-big-dot-Jacquard-filled-optic-combed-Cotton_5e71c8d1-2cea-4513-a3ac-6607d8291be9.jpg?v=1549110675\", \"https://cdn.shopify.com/s/files/1/1013/1174/products/v-023B__920979370_6fc4d784-fb30-48dc-8831-553f5a9da583.jpg?v=1549110675\", \"https://cdn.shopify.com/s/files/1/1013/1174/products/v-025B__-1308641228_03509c8b-37f1-4ded-9254-fd4dc7ab5007.jpg?v=1549110675\", \"https://cdn.shopify.com/s/files/1/1013/1174/products/v-026B__-2142623251_306148dd-efb6-44fa-a80a-ce0fff07b088.jpg?v=1549110675\", \"https://cdn.shopify.com/s/files/1/1013/1174/products/v-027B__-113139981_b12d566f-a720-4ef8-aaa6-6c6e4b6b4055.jpg?v=1549110675\", \"https://cdn.shopify.com/s/files/1/1013/1174/products/v-028B__1135940126_85ae8385-151e-431d-a30a-c003b4c8dbc4.jpg?v=1549110675\", \"https://cdn.shopify.com/s/files/1/1013/1174/products/v-029B__1325877031_4aef97b4-7d4e-409d-961a-bbb0673b3988.jpg?v=1549110675\", \"https://cdn.shopify.com/s/files/1/1013/1174/products/v-030B__1546420651_e26ff769-983c-4b8e-95dd-f12cd18ae3fe.jpg?v=1549110675\", \"https://cdn.shopify.com/s/files/1/1013/1174/products/v-031B__311787432_b2b859e2-06c5-4b8d-bc2c-2760a5678ea3.jpg?v=1549110675\", \"https://cdn.shopify.com/s/files/1/1013/1174/products/v-032B__-495844902_835f1636-3211-4511-9584-5ba7be623416.jpg?v=1549110675\", \"https://cdn.shopify.com/s/files/1/1013/1174/products/v-033B__-1609467190_ae7a1e22-dc11-49a4-a549-14b62b0ed20f.jpg?v=1549110675\", \"https://cdn.shopify.com/s/files/1/1013/1174/products/v-035B__-1899513455_b5722038-eb32-4964-96a9-50573804ba6e.jpg?v=1549110675\", \"https://cdn.shopify.com/s/files/1/1013/1174/products/v-036B__-402385928_a1d68358-df4f-4677-9ad9-243503e9359b.jpg?v=1549110675\", \"https://cdn.shopify.com/s/files/1/1013/1174/products/v-038B__-97177402_f2a8ec3c-9735-4221-8483-af3db439a5c4.jpg?v=1549110675\", \"https://cdn.shopify.com/s/files/1/1013/1174/products/v-040B__-2076139412_bdbbab73-1a41-41c7-8d66-aaa625770425.jpg?v=1549110675\", \"https://cdn.shopify.com/s/files/1/1013/1174/products/v-049B__1611821940_c2d37dab-b563-4dd2-ab60-49774c8f015d.jpg?v=1549110675\", \"https://cdn.shopify.com/s/files/1/1013/1174/products/v-054B__356964565_1e127b04-3dcd-484a-8dc7-697a5ce3a0b8.jpg?v=1549110675\", \"https://cdn.shopify.com/s/files/1/1013/1174/products/v-056B__-239436018_5b54dc1c-3167-4792-852a-ef16f50aee95.jpg?v=1549110675\", \"https://cdn.shopify.com/s/files/1/1013/1174/products/v-057B__-526481493_6a209107-f6b5-4758-ac10-7c53c05114db.jpg?v=1549110675\", \"https://cdn.shopify.com/s/files/1/1013/1174/products/v-059B__2092913892_7adea65a-dd3f-4cf7-aa7a-4859ece65e78.jpg?v=1549110675\", \"https://cdn.shopify.com/s/files/1/1013/1174/products/v-062B__-1636489371_eddaf5a0-c962-4485-a8b3-44d829233872.jpg?v=1549110675\", \"https://cdn.shopify.com/s/files/1/1013/1174/products/v-280B__852209810_bb056f7c-d745-4f4f-91c7-a31db8500294.jpg?v=1549110675\", \"https://cdn.shopify.com/s/files/1/1013/1174/products/v-453A__-2535401_1e5e6c0a-8aea-4a52-bc28-9c7812eaf4e0.jpg?v=1549110675\"], \"description\": \"<p>MYORED Fashion Colorful Socks Men Hit</p>\\n\", \"weight_unit\": \"g\", \"type\": \"Men's Socks\", \"variants\": [], \"weight\": null, \"title\": \"MYORED Fashion Colorful Socks Men Hit Color argyle Stripes big dot Jacquard filled optic combed Cotton Male Sock wedding gift\", \"vendor\": \"MYORED Official Store\", \"boards\": null, \"price\": 1.79, \"original_url\": \"https://www.aliexpress.com/item/Fashion-Colorful-Happy-Socks-Men-Hit-Color-argyle-Stripes-big-dot-Jacquard-filled-optic-Cotton-Casual/32791629883.html\", \"tags\": \"\"}",
        "original_data": "",
        "original_data_key": "f59ce6a02a1733f69545934232085607",
        "config": null,
        "variants_map": "",
        "supplier_map": "",
        "shipping_map": "",
        "bundle_map": null,
        "mapping_config": null,
        "notes": "",
        "is_active": true,
        "is_excluded": null,
        "title": "MYORED Fashion Colorful Socks Men Hit Color argyle Stripes big dot Jacquard filled optic combed Cotton Male Sock wedding gift",
        "price": 1.79,
        "product_type": "Men's Socks",
        "tag": "",
        "parent_product": null,
        "price_notification_id": 0,
        "monitor_id": 2197301,
        "shopify_id": 2198038052912,
        "default_supplier": 1,
        "created_at": "2019-02-14T21:38:02.410Z",
        "updated_at": "2019-02-14T21:45:31.542Z"
    }
}, {
    "model": "leadgalaxy.productsupplier",
    "pk": 1,
    "fields": {
        "store": 1,
        "product": 1,
        "product_url": "https://www.aliexpress.com/item/Fashion-Colorful-Happy-Socks-Men-Hit-Color-argyle-Stripes-big-dot-Jacquard-filled-optic-Cotton-Casual/32791629883.html",
        "supplier_name": "MYORED ",
        "supplier_url": "https://www.aliexpress.com/store/1182567",
        "shipping_method": null,
        "variants_map": null,
        "notes": null,
        "is_default": true,
        "source_id": "32791629883",
        "created_at": "2019-02-14T21:38:02.445Z",
        "updated_at": "2019-02-14T21:38:02.769Z"
    }
}, {
    "model": "leadgalaxy.clippingmagic",
    "pk": 1,
    "fields": {
        "user": ["admin"],
        "remaining_credits": 5000,
        "created_at": "2019-02-14T21:34:46.604Z",
        "updated_at": "2019-02-14T21:34:46.605Z"
    }
}, {
    "model": "leadgalaxy.captchacredit",
    "pk": 1,
    "fields": {
        "user": ["admin"],
        "remaining_credits": 1000,
        "created_at": "2019-02-14T21:34:46.628Z",
        "updated_at": "2019-02-14T21:34:46.628Z"
    }
}, {
    "model": "leadgalaxy.groupplan",
    "pk": 1,
    "fields": {
        "title": "Free Plan",
        "slug": "free-plan",
        "register_hash": "606bd8eb8cb148c28c4c022a43f0432d",
        "stores": 0,
        "products": 0,
        "boards": 0,
        "extra_stores": true,
        "auto_fulfill_limit": -1,
        "badge_image": "",
        "description": "Free Plan (ePacket ID Only)",
        "notes": null,
        "features": null,
        "monthly_price": null,
        "trial_days": 0,
        "plan_description": null,
        "price_info": null,
        "retail_price_info": null,
        "default_plan": 0,
        "payment_gateway": "jvzoo",
        "payment_interval": "",
        "hidden": false,
        "locked": false,
        "permissions": [
            57,
            129
        ]
    }
}, {
    "model": "leadgalaxy.groupplan",
    "pk": 2,
    "fields": {
        "title": "Basic Plan",
        "slug": "basic-plan",
        "register_hash": "2877056b74f4683ee0cf9724b128e27b",
        "stores": 10,
        "products": 100,
        "boards": 50,
        "extra_stores": true,
        "auto_fulfill_limit": -1,
        "badge_image": "",
        "description": "Basic Plan",
        "notes": null,
        "features": null,
        "monthly_price": null,
        "trial_days": 0,
        "plan_description": null,
        "price_info": null,
        "retail_price_info": null,
        "default_plan": 0,
        "payment_gateway": "jvzoo",
        "payment_interval": "",
        "hidden": false,
        "locked": false,
        "permissions": [
            1,
            2,
            3,
            4,
            5,
            6,
            13,
            14,
            17,
            18,
            35,
            36,
            129
        ]
    }
}, {
    "model": "leadgalaxy.groupplan",
    "pk": 3,
    "fields": {
        "title": "Pro Plan",
        "slug": "pro-plan",
        "register_hash": "55cb8a0ddbc9dacab8d99ac7ecaae00b",
        "stores": 1,
        "products": -1,
        "boards": -1,
        "extra_stores": true,
        "auto_fulfill_limit": -1,
        "badge_image": "",
        "description": "Pro Plan",
        "notes": null,
        "features": null,
        "monthly_price": null,
        "trial_days": 0,
        "plan_description": null,
        "price_info": null,
        "retail_price_info": null,
        "default_plan": 0,
        "payment_gateway": "jvzoo",
        "payment_interval": "",
        "hidden": false,
        "locked": false,
        "permissions": [
            1,
            2,
            3,
            4,
            5,
            6,
            7,
            8,
            9,
            10,
            11,
            12,
            13,
            14,
            15,
            16,
            17,
            18,
            23,
            24,
            25,
            26,
            35,
            36,
            61,
            129
        ]
    }
}, {
    "model": "leadgalaxy.groupplan",
    "pk": 4,
    "fields": {
        "title": "VIP (Elite) Plan",
        "slug": "vip-plan",
        "register_hash": "64543a8eb189bae7f9abc580cfc00f76",
        "stores": -1,
        "products": -1,
        "boards": -1,
        "extra_stores": true,
        "auto_fulfill_limit": -1,
        "badge_image": "//d2kadg5e284yn4.cloudfront.net/static/img/vip-badge-w35.png",
        "description": "VIP Member",
        "notes": "",
        "features": "",
        "monthly_price": null,
        "trial_days": 0,
        "plan_description": null,
        "price_info": null,
        "retail_price_info": null,
        "default_plan": 0,
        "payment_gateway": "jvzoo",
        "payment_interval": "monthly",
        "hidden": false,
        "locked": false,
        "permissions": [
            1,
            2,
            3,
            4,
            5,
            6,
            7,
            8,
            9,
            10,
            11,
            12,
            13,
            14,
            15,
            16,
            17,
            18,
            19,
            20,
            21,
            22,
            23,
            24,
            25,
            26,
            27,
            28,
            29,
            30,
            31,
            32,
            34,
            35,
            36,
            38,
            39,
            40,
            45,
            47,
            48,
            49,
            50,
            51,
            52,
            53,
            54,
            55,
            56,
            57,
            58,
            59,
            61,
            62,
            63,
            64,
            65,
            66,
            67,
            68,
            69,
            70,
            71,
            73,
            75,
            76,
            77,
            78,
            79,
            80,
            81,
            82,
            83,
            84,
            85,
            86,
            87,
            88,
            89,
            93,
            94,
            95,
            96,
            97,
            98,
            99,
            100,
            101,
            105,
            106,
            107,
            108,
            109,
            110,
            111,
            112,
            113,
            114,
            115,
            116,
            117,
            119,
            120,
            122,
            125,
            126,
            127,
            128,
            129,
            130,
            134
        ]
    }
}, {
    "model": "leadgalaxy.groupplan",
    "pk": 5,
    "fields": {
        "title": "Team Shopify (Pro) Plan",
        "slug": "team-shopify-plan",
        "register_hash": "b17d8eacbb02bb907c2ccc854f7c282d",
        "stores": 10,
        "products": 1000,
        "boards": 100,
        "extra_stores": true,
        "auto_fulfill_limit": -1,
        "badge_image": "",
        "description": "Team Shopify Pro Plan",
        "notes": "",
        "features": "",
        "monthly_price": null,
        "trial_days": 0,
        "plan_description": null,
        "price_info": null,
        "retail_price_info": null,
        "default_plan": 0,
        "payment_gateway": "jvzoo",
        "payment_interval": "",
        "hidden": false,
        "locked": false,
        "permissions": [
            1,
            2,
            3,
            4,
            5,
            6,
            7,
            8,
            9,
            10,
            11,
            12,
            13,
            14,
            15,
            16,
            17,
            18,
            19,
            20,
            29,
            35,
            36,
            101,
            110,
            120,
            126,
            129
        ]
    }
}, {
    "model": "leadgalaxy.groupplan",
    "pk": 6,
    "fields": {
        "title": "Pro + Elite Plan",
        "slug": "elite-plan",
        "register_hash": "3eccff4f178db4b85ff7245373102aec",
        "stores": 1,
        "products": -1,
        "boards": -1,
        "extra_stores": true,
        "auto_fulfill_limit": -1,
        "badge_image": "",
        "description": "Lifetime Plan",
        "notes": "",
        "features": "",
        "monthly_price": null,
        "trial_days": 0,
        "plan_description": null,
        "price_info": null,
        "retail_price_info": null,
        "default_plan": 0,
        "payment_gateway": "jvzoo",
        "payment_interval": "lifetime",
        "hidden": false,
        "locked": false,
        "permissions": [
            1,
            2,
            3,
            4,
            5,
            6,
            7,
            8,
            9,
            10,
            11,
            12,
            13,
            14,
            15,
            16,
            17,
            18,
            19,
            20,
            21,
            22,
            23,
            24,
            25,
            26,
            27,
            28,
            35,
            36,
            53,
            57,
            59,
            61,
            64,
            65,
            68,
            69,
            70,
            71,
            78,
            101,
            110,
            111,
            115,
            116,
            117,
            120,
            126,
            129,
            130,
            134
        ]
    }
}, {
    "model": "leadgalaxy.groupplan",
    "pk": 7,
    "fields": {
        "title": "Beta Elite",
        "slug": "beta-elite",
        "register_hash": "3fd1d6a2ee2d8154874204a08b31575f",
        "stores": 0,
        "products": 0,
        "boards": 0,
        "extra_stores": true,
        "auto_fulfill_limit": -1,
        "badge_image": "",
        "description": "Beta Access Plan",
        "notes": null,
        "features": null,
        "monthly_price": null,
        "trial_days": 0,
        "plan_description": null,
        "price_info": null,
        "retail_price_info": null,
        "default_plan": 0,
        "payment_gateway": "jvzoo",
        "payment_interval": "",
        "hidden": false,
        "locked": false,
        "permissions": [
            101,
            129
        ]
    }
}, {
    "model": "leadgalaxy.groupplan",
    "pk": 8,
    "fields": {
        "title": "JV Review Access",
        "slug": "jv-review-access",
        "register_hash": "3fd1d6a2djskflsdad815487weurjda08b31575f",
        "stores": -1,
        "products": -1,
        "boards": -1,
        "extra_stores": true,
        "auto_fulfill_limit": -1,
        "badge_image": "",
        "description": "",
        "notes": "",
        "features": "",
        "monthly_price": null,
        "trial_days": 0,
        "plan_description": null,
        "price_info": null,
        "retail_price_info": null,
        "default_plan": 0,
        "payment_gateway": "jvzoo",
        "payment_interval": "",
        "hidden": false,
        "locked": false,
        "permissions": [
            1,
            2,
            3,
            4,
            5,
            6,
            7,
            8,
            9,
            10,
            11,
            12,
            13,
            14,
            15,
            16,
            17,
            18,
            19,
            20,
            21,
            22,
            23,
            24,
            25,
            26,
            27,
            28,
            29,
            30,
            31,
            32,
            34,
            35,
            36,
            38,
            39,
            40,
            41,
            43,
            44,
            45,
            47,
            48,
            49,
            50,
            51,
            52,
            54,
            55,
            56,
            57,
            58,
            59,
            61,
            62,
            63,
            64,
            65,
            66,
            68,
            69,
            70,
            71,
            73,
            75,
            76,
            77,
            78,
            79,
            80,
            81,
            82,
            83,
            84,
            85,
            86,
            87,
            88,
            89,
            93,
            94,
            95,
            96,
            97,
            98,
            99,
            100,
            101,
            105,
            106,
            107,
            108,
            109,
            110,
            111,
            112,
            113,
            114,
            115,
            116,
            117,
            120,
            126,
            129
        ]
    }
}, {
    "model": "leadgalaxy.groupplan",
    "pk": 9,
    "fields": {
        "title": "JVZoo Pro Plan",
        "slug": "jvzoo-pro-plan",
        "register_hash": "5427f85640fb78728ec7fd863db20e4c",
        "stores": 1,
        "products": -1,
        "boards": -1,
        "extra_stores": true,
        "auto_fulfill_limit": -1,
        "badge_image": "",
        "description": "Pro Lifetime Plan",
        "notes": "",
        "features": "",
        "monthly_price": null,
        "trial_days": 0,
        "plan_description": null,
        "price_info": null,
        "retail_price_info": null,
        "default_plan": 0,
        "payment_gateway": "jvzoo",
        "payment_interval": "monthly",
        "hidden": false,
        "locked": false,
        "permissions": [
            1,
            2,
            3,
            4,
            5,
            6,
            7,
            8,
            9,
            10,
            11,
            12,
            13,
            14,
            17,
            18,
            23,
            24,
            25,
            26,
            35,
            36,
            57,
            61,
            101,
            110,
            120,
            126,
            129
        ]
    }
}, {
    "model": "leadgalaxy.groupplan",
    "pk": 10,
    "fields": {
        "title": "Team Shopify Free Access",
        "slug": "team-shopify-epacket",
        "register_hash": "be2cc3908b196a573f6c079c1dd7f4bd",
        "stores": 1,
        "products": -1,
        "boards": -1,
        "extra_stores": true,
        "auto_fulfill_limit": -1,
        "badge_image": "",
        "description": "Team Shopify Free Access",
        "notes": null,
        "features": null,
        "monthly_price": null,
        "trial_days": 0,
        "plan_description": null,
        "price_info": null,
        "retail_price_info": null,
        "default_plan": 0,
        "payment_gateway": "jvzoo",
        "payment_interval": "",
        "hidden": false,
        "locked": false,
        "permissions": [
            1,
            2,
            3,
            4,
            5,
            6,
            7,
            8,
            9,
            10,
            11,
            12,
            13,
            14,
            23,
            24,
            25,
            26,
            35,
            36,
            57,
            101,
            129
        ]
    }
}, {
    "model": "leadgalaxy.groupplan",
    "pk": 11,
    "fields": {
        "title": "Sub User Plan",
        "slug": "subuser-plan",
        "register_hash": "eeaecdc61aba42189483a8be1d18d3e1",
        "stores": 0,
        "products": 0,
        "boards": 0,
        "extra_stores": true,
        "auto_fulfill_limit": -1,
        "badge_image": "",
        "description": "",
        "notes": null,
        "features": null,
        "monthly_price": null,
        "trial_days": 0,
        "plan_description": null,
        "price_info": null,
        "retail_price_info": null,
        "default_plan": 0,
        "payment_gateway": "jvzoo",
        "payment_interval": "",
        "hidden": false,
        "locked": false,
        "permissions": [
            129
        ]
    }
}, {
    "model": "leadgalaxy.groupplan",
    "pk": 12,
    "fields": {
        "title": "1 Year Webinar Bundle",
        "slug": "jvzoo-webinar-bundle",
        "register_hash": "4ce4253702c6e101df27fcf9b8569bef",
        "stores": -1,
        "products": -1,
        "boards": -1,
        "extra_stores": true,
        "auto_fulfill_limit": -1,
        "badge_image": "",
        "description": "Dropified Unlimited Bundle 1 Year",
        "notes": "",
        "features": "",
        "monthly_price": null,
        "trial_days": 0,
        "plan_description": null,
        "price_info": null,
        "retail_price_info": null,
        "default_plan": 0,
        "payment_gateway": "jvzoo",
        "payment_interval": "monthly",
        "hidden": false,
        "locked": false,
        "permissions": [
            1,
            2,
            3,
            4,
            5,
            6,
            7,
            8,
            9,
            10,
            11,
            12,
            13,
            14,
            15,
            16,
            17,
            18,
            19,
            20,
            21,
            22,
            23,
            24,
            25,
            26,
            27,
            28,
            29,
            30,
            31,
            32,
            34,
            35,
            36,
            38,
            39,
            40,
            41,
            43,
            44,
            45,
            47,
            48,
            49,
            50,
            51,
            52,
            53,
            54,
            55,
            56,
            57,
            58,
            59,
            61,
            62,
            63,
            64,
            65,
            66,
            67,
            68,
            69,
            70,
            71,
            73,
            75,
            76,
            77,
            78,
            79,
            80,
            81,
            82,
            83,
            84,
            85,
            86,
            87,
            88,
            89,
            93,
            94,
            95,
            96,
            97,
            98,
            99,
            100,
            101,
            105,
            106,
            107,
            108,
            109,
            110,
            111,
            112,
            113,
            114,
            115,
            116,
            117,
            119,
            120,
            122,
            126,
            129,
            130,
            134
        ]
    }
}, {
    "model": "leadgalaxy.groupplan",
    "pk": 13,
    "fields": {
        "title": "Webinar Bundle With Success Club",
        "slug": "jvzoo-bundle-success-club",
        "register_hash": "379e436538fef488e1925f67c8d7f602",
        "stores": -1,
        "products": -1,
        "boards": -1,
        "extra_stores": true,
        "auto_fulfill_limit": -1,
        "badge_image": "",
        "description": "Lifetime Plan",
        "notes": "",
        "features": "",
        "monthly_price": null,
        "trial_days": 0,
        "plan_description": null,
        "price_info": null,
        "retail_price_info": null,
        "default_plan": 0,
        "payment_gateway": "jvzoo",
        "payment_interval": "lifetime",
        "hidden": false,
        "locked": false,
        "permissions": [
            1,
            2,
            3,
            4,
            5,
            6,
            7,
            8,
            9,
            10,
            11,
            12,
            13,
            14,
            15,
            16,
            17,
            18,
            19,
            20,
            21,
            22,
            23,
            24,
            25,
            26,
            27,
            28,
            29,
            30,
            31,
            32,
            34,
            35,
            36,
            38,
            39,
            40,
            41,
            43,
            44,
            45,
            47,
            48,
            49,
            50,
            51,
            52,
            54,
            55,
            56,
            57,
            58,
            59,
            61,
            62,
            63,
            64,
            65,
            66,
            67,
            68,
            69,
            70,
            71,
            73,
            75,
            76,
            77,
            78,
            79,
            80,
            81,
            82,
            83,
            84,
            85,
            86,
            87,
            88,
            89,
            93,
            94,
            95,
            96,
            97,
            98,
            99,
            100,
            101,
            105,
            106,
            107,
            108,
            109,
            110,
            111,
            112,
            113,
            114,
            115,
            116,
            117,
            119,
            120,
            122,
            125,
            126,
            128,
            129,
            130,
            134
        ]
    }
}, {
    "model": "leadgalaxy.groupplan",
    "pk": 14,
    "fields": {
        "title": "JVZoo Free Gift",
        "slug": "jvzoo-free-gift",
        "register_hash": "0b921ce9e78924f1cb3605e80f3110e5",
        "stores": 0,
        "products": 0,
        "boards": 0,
        "extra_stores": true,
        "auto_fulfill_limit": -1,
        "badge_image": "",
        "description": "ePacket ID & Pinterest Sort Tool",
        "notes": null,
        "features": null,
        "monthly_price": null,
        "trial_days": 0,
        "plan_description": null,
        "price_info": null,
        "retail_price_info": null,
        "default_plan": 0,
        "payment_gateway": "jvzoo",
        "payment_interval": "",
        "hidden": false,
        "locked": false,
        "permissions": [
            57,
            129
        ]
    }
}, {
    "model": "leadgalaxy.groupplan",
    "pk": 15,
    "fields": {
        "title": "Promote Labs Free Gift",
        "slug": "promote-labs-free-gift",
        "register_hash": "c0dee42b84c736bb62c61ad0f20b9f53",
        "stores": 0,
        "products": 0,
        "boards": 0,
        "extra_stores": true,
        "auto_fulfill_limit": -1,
        "badge_image": "",
        "description": "ePacket ID & Pinterest Sort Tool",
        "notes": null,
        "features": null,
        "monthly_price": null,
        "trial_days": 0,
        "plan_description": null,
        "price_info": null,
        "retail_price_info": null,
        "default_plan": 0,
        "payment_gateway": "jvzoo",
        "payment_interval": "",
        "hidden": false,
        "locked": false,
        "permissions": [
            57,
            129
        ]
    }
}, {
    "model": "leadgalaxy.groupplan",
    "pk": 16,
    "fields": {
        "title": "Dropified Lifetime Access",
        "slug": "shopified-app-lifetime-access",
        "register_hash": "fd77eab0c08ad69e232408e162ae3bc8",
        "stores": -1,
        "products": -1,
        "boards": -1,
        "extra_stores": true,
        "auto_fulfill_limit": -1,
        "badge_image": "",
        "description": "Lifetime Plan",
        "notes": "",
        "features": "",
        "monthly_price": null,
        "trial_days": 0,
        "plan_description": null,
        "price_info": null,
        "retail_price_info": null,
        "default_plan": 0,
        "payment_gateway": "jvzoo",
        "payment_interval": "lifetime",
        "hidden": false,
        "locked": false,
        "permissions": [
            1,
            2,
            3,
            4,
            5,
            6,
            7,
            8,
            9,
            10,
            11,
            12,
            13,
            14,
            15,
            16,
            17,
            18,
            19,
            20,
            21,
            22,
            23,
            24,
            25,
            26,
            27,
            28,
            29,
            30,
            31,
            32,
            34,
            35,
            36,
            38,
            39,
            40,
            41,
            43,
            44,
            45,
            47,
            48,
            49,
            50,
            51,
            52,
            54,
            55,
            56,
            57,
            58,
            59,
            61,
            62,
            63,
            64,
            65,
            66,
            67,
            68,
            69,
            70,
            71,
            73,
            75,
            76,
            77,
            78,
            79,
            80,
            81,
            82,
            83,
            84,
            85,
            86,
            87,
            88,
            89,
            93,
            94,
            95,
            96,
            97,
            98,
            99,
            100,
            101,
            105,
            106,
            107,
            108,
            109,
            110,
            111,
            112,
            113,
            114,
            115,
            116,
            117,
            119,
            120,
            122,
            125,
            126,
            127,
            128,
            129,
            130,
            134
        ]
    }
}, {
    "model": "leadgalaxy.groupplan",
    "pk": 17,
    "fields": {
        "title": "Lite",
        "slug": "lite",
        "register_hash": "ee2d14fba432c1b381d3ee14694393eb",
        "stores": 1,
        "products": 100,
        "boards": 10,
        "extra_stores": true,
        "auto_fulfill_limit": -1,
        "badge_image": "",
        "description": "Lite Plan",
        "notes": "Stripe Lite Plan",
        "features": "**Lite** includes\r\nAll of these great features:\r\n\r\nAutomate Product Research\r\n---------------------\r\n\r\nePacket ID & Filtering\r\n\r\n1-Click Save For Later\r\n\r\nProduct Boards\r\n\r\nAutomate Adding Products\r\n---------------------\r\n\r\n1-Click Add To Shopify\r\n\r\nQuick Default Settings\r\n\r\nEasy Product Images\r\n\r\nEasy Product Variant Setup ||This **allow** you to do a quick [search](http://google.com)||\r\n\r\nBulk Editing of Products\r\n\r\nProduct Filters\r\n\r\nSave Original Product Information\r\n\r\nEasy Product Variant Setup\r\n\r\nSend Multiple Products to Shopify at Once\r\n",
        "monthly_price": "9.00",
        "trial_days": 0,
        "plan_description": null,
        "price_info": null,
        "retail_price_info": null,
        "default_plan": 0,
        "payment_gateway": "stripe",
        "payment_interval": "",
        "hidden": true,
        "locked": true,
        "permissions": [
            1,
            2,
            3,
            4,
            5,
            6,
            13,
            14,
            15,
            16,
            35,
            36,
            68,
            57,
            110,
            120,
            126,
            129
        ]
    }
}, {
    "model": "leadgalaxy.groupplan",
    "pk": 18,
    "fields": {
        "title": "Pro",
        "slug": "pro",
        "register_hash": "ad86288973eeaec7c3637b012fa879e6",
        "stores": 1,
        "products": -1,
        "boards": -1,
        "extra_stores": true,
        "auto_fulfill_limit": -1,
        "badge_image": "",
        "description": "Pro Plan",
        "notes": "Stripe Pro Plan",
        "features": "**Pro** includes\r\nEverything in Lite, and:\r\n\r\nSet Automatic Margins \r\n\r\nSaves Shipping Options \r\n\r\nNotes \r\n\r\nUpload Custom Product Images\r\n\r\nUS Product Database\r\n",
        "monthly_price": "27.00",
        "trial_days": 0,
        "plan_description": null,
        "price_info": null,
        "retail_price_info": null,
        "default_plan": 0,
        "payment_gateway": "stripe",
        "payment_interval": "",
        "hidden": true,
        "locked": true,
        "permissions": [
            1,
            2,
            3,
            4,
            5,
            6,
            7,
            8,
            9,
            10,
            11,
            12,
            13,
            14,
            15,
            16,
            17,
            18,
            23,
            24,
            25,
            26,
            29,
            32,
            34,
            35,
            36,
            38,
            39,
            57,
            61,
            110,
            120,
            126,
            129
        ]
    }
}, {
    "model": "leadgalaxy.groupplan",
    "pk": 19,
    "fields": {
        "title": "Elite",
        "slug": "elite",
        "register_hash": "d57b1797641d2c96c19c37d3c5ccec29",
        "stores": 1,
        "products": -1,
        "boards": -1,
        "extra_stores": true,
        "auto_fulfill_limit": -1,
        "badge_image": "",
        "description": "Elite Plan",
        "notes": "Stripe Elite Monthly plan ",
        "features": "**Elite** includes\r\nEverything in Pro, and:\r\n\r\nIn App Photo Editing\r\n\r\nAliExpress Order Fulfillment\r\n---------------------\r\n\r\nView and Manage Shopify Orders\r\n\r\n**Unlimited** 1-Click AliExpress Order Fulfillment\r\n\r\n1-Click Fulfillment For Multi-item Orders\r\n\r\nAuto Save AliExpress Order ID\r\n\r\nAuto Scan For Tracking Numbers\r\n\r\nAutomatically Mark Orders as Fulfilled\r\n\r\nEdit Shopify Order Notes\r\n\r\nSave Order Info To Shopify Notes\r\n\r\nCustom Order Notes To Supplier\r\n\r\nEasy Order Filtering\r\n\r\nAutomate Scaling Your Drop Shipping Business\r\n---------------------\r\n\r\nAdd Sub Users\r\n\r\nProduct Price Change Alerts\r\n\r\nProduct Availability Alerts \r\n",
        "monthly_price": "47.00",
        "trial_days": 0,
        "plan_description": null,
        "price_info": null,
        "retail_price_info": null,
        "default_plan": 0,
        "payment_gateway": "stripe",
        "payment_interval": "",
        "hidden": true,
        "locked": true,
        "permissions": [
            1,
            2,
            3,
            4,
            5,
            6,
            7,
            8,
            9,
            10,
            11,
            12,
            13,
            14,
            15,
            16,
            17,
            18,
            19,
            20,
            21,
            22,
            23,
            24,
            25,
            26,
            27,
            28,
            29,
            30,
            31,
            32,
            34,
            35,
            36,
            38,
            39,
            40,
            45,
            47,
            48,
            49,
            50,
            51,
            52,
            54,
            55,
            56,
            57,
            58,
            59,
            61,
            62,
            63,
            64,
            65,
            66,
            67,
            68,
            69,
            70,
            71,
            73,
            75,
            76,
            77,
            78,
            79,
            80,
            81,
            82,
            83,
            84,
            85,
            86,
            87,
            88,
            89,
            93,
            94,
            95,
            96,
            97,
            98,
            99,
            100,
            101,
            105,
            106,
            107,
            108,
            109,
            110,
            111,
            112,
            113,
            114,
            115,
            116,
            120,
            126,
            129
        ]
    }
}, {
    "model": "leadgalaxy.groupplan",
    "pk": 20,
    "fields": {
        "title": "Free Stripe Plan",
        "slug": "free-stripe-plan",
        "register_hash": "4472b2052f176c45b232c21f4e39328a",
        "stores": 0,
        "products": 0,
        "boards": 0,
        "extra_stores": false,
        "auto_fulfill_limit": 0,
        "badge_image": "",
        "description": "Free Plan",
        "notes": "Free Plan for testing Stripe integration",
        "features": "",
        "monthly_price": "0.00",
        "trial_days": 0,
        "plan_description": null,
        "price_info": null,
        "retail_price_info": null,
        "default_plan": 1,
        "payment_gateway": "stripe",
        "payment_interval": "monthly",
        "hidden": true,
        "locked": false,
        "permissions": [
            129
        ]
    }
}, {
    "model": "leadgalaxy.groupplan",
    "pk": 21,
    "fields": {
        "title": "Unlimited",
        "slug": "unlimited",
        "register_hash": "5efdeb40b1b96be02f5c95959b584b02",
        "stores": -1,
        "products": -1,
        "boards": -1,
        "extra_stores": true,
        "auto_fulfill_limit": -1,
        "badge_image": "",
        "description": "Unlimited Plan",
        "notes": "",
        "features": "**Unlimited** includes\r\nEverything in Elite\r\n\r\nYou can add Unlimited Shopify stores to your account",
        "monthly_price": "99.00",
        "trial_days": 0,
        "plan_description": null,
        "price_info": null,
        "retail_price_info": null,
        "default_plan": 0,
        "payment_gateway": "stripe",
        "payment_interval": "monthly",
        "hidden": true,
        "locked": true,
        "permissions": [
            1,
            2,
            3,
            4,
            5,
            6,
            7,
            8,
            9,
            10,
            11,
            12,
            13,
            14,
            15,
            16,
            17,
            18,
            19,
            20,
            21,
            22,
            23,
            24,
            25,
            26,
            27,
            28,
            29,
            30,
            31,
            32,
            34,
            35,
            36,
            38,
            39,
            40,
            41,
            43,
            44,
            45,
            47,
            48,
            49,
            50,
            51,
            52,
            54,
            55,
            56,
            57,
            58,
            59,
            61,
            62,
            63,
            64,
            65,
            66,
            67,
            68,
            69,
            70,
            71,
            73,
            75,
            76,
            77,
            78,
            79,
            80,
            81,
            82,
            83,
            84,
            85,
            86,
            87,
            88,
            89,
            93,
            94,
            95,
            96,
            97,
            98,
            99,
            100,
            101,
            105,
            106,
            107,
            108,
            109,
            110,
            111,
            112,
            113,
            114,
            115,
            116,
            117,
            119,
            120,
            122,
            126,
            129,
            130,
            134
        ]
    }
}, {
    "model": "leadgalaxy.groupplan",
    "pk": 22,
    "fields": {
        "title": "Startup",
        "slug": "startup",
        "register_hash": "3b828740999dcdc4da9cfc6ea0f5d5dd",
        "stores": 0,
        "products": 0,
        "boards": 0,
        "extra_stores": false,
        "auto_fulfill_limit": 0,
        "badge_image": "",
        "description": "Free Plan",
        "notes": "Startup plan with limited auto fulfill",
        "features": "**Lite** includes\r\nAll of these great features:\r\n\r\nAutomate Product Research\r\n---------------------\r\n\r\nePacket ID & Filtering\r\n\r\n1-Click Save For Later\r\n\r\nProduct Boards\r\n\r\nAutomate Adding Products\r\n---------------------\r\n\r\n1-Click Add To Shopify\r\n\r\nQuick Default Settings\r\n\r\nEasy Product Images\r\n\r\nEasy Product Variant Setup ||This **allow** you to do a quick [search](http://google.com)||\r\n\r\nBulk Editing of Products\r\n\r\nProduct Filters\r\n\r\nSave Original Product Information\r\n\r\nEasy Product Variant Setup\r\n\r\nSend Multiple Products to Shopify at Once",
        "monthly_price": "0.00",
        "trial_days": 0,
        "plan_description": null,
        "price_info": null,
        "retail_price_info": null,
        "default_plan": 0,
        "payment_gateway": "stripe",
        "payment_interval": "monthly",
        "hidden": true,
        "locked": true,
        "permissions": [
            129
        ]
    }
}, {
    "model": "leadgalaxy.groupplan",
    "pk": 24,
    "fields": {
        "title": "Starter Shopify",
        "slug": "starter-shopify",
        "register_hash": "6d50bd0a3c1be4af489bad98604fb671",
        "stores": 0,
        "products": 0,
        "boards": 0,
        "extra_stores": false,
        "auto_fulfill_limit": 0,
        "badge_image": "",
        "description": "Free Plan",
        "notes": "Starter plan with limited auto fulfill",
        "features": "**Starter** includes\r\nAll of these great features:\r\n\r\nAutomate Product Research\r\n---------------------\r\n\r\nePacket ID & Filtering\r\n\r\n1-Click Save For Later\r\n\r\nProduct Boards\r\n\r\nAutomate Adding Products\r\n---------------------\r\n\r\n1-Click Add To Shopify\r\n\r\nQuick Default Settings\r\n\r\nEasy Product Images\r\n\r\nEasy Product Variant Setup ||This **allow** you to do a quick [search](http://google.com)||\r\n\r\nBulk Editing of Products\r\n\r\nProduct Filters\r\n\r\nSave Original Product Information\r\n\r\nEasy Product Variant Setup\r\n\r\nSend Multiple Products to Shopify at Once",
        "monthly_price": "0.00",
        "trial_days": 0,
        "plan_description": null,
        "price_info": null,
        "retail_price_info": null,
        "default_plan": 0,
        "payment_gateway": "shopify",
        "payment_interval": "monthly",
        "hidden": true,
        "locked": false,
        "permissions": [
            129
        ]
    }
}, {
    "model": "leadgalaxy.groupplan",
    "pk": 25,
    "fields": {
        "title": "Elite Shopify",
        "slug": "elite-shopify",
        "register_hash": "7c9b3d8c5747d3a92d32582c99456a1a",
        "stores": 1,
        "products": -1,
        "boards": -1,
        "extra_stores": true,
        "auto_fulfill_limit": -1,
        "badge_image": "",
        "description": "Elite Plan",
        "notes": "Shopify Elite  monthly plan",
        "features": "**Elite** includes\r\nEverything in Pro, and:\r\n\r\nIn App Photo Editing\r\n\r\nAliExpress Order Fulfillment\r\n---------------------\r\n\r\nView and Manage Shopify Orders\r\n\r\n**Unlimited** 1-Click AliExpress Order Fulfillment\r\n\r\n1-Click Fulfillment For Multi-item Orders\r\n\r\nAuto Save AliExpress Order ID\r\n\r\nAuto Scan For Tracking Numbers\r\n\r\nAutomatically Mark Orders as Fulfilled\r\n\r\nEdit Shopify Order Notes\r\n\r\nSave Order Info To Shopify Notes\r\n\r\nCustom Order Notes To Supplier\r\n\r\nEasy Order Filtering\r\n\r\nAutomate Scaling Your Drop Shipping Business\r\n---------------------\r\n\r\nAdd Sub Users\r\n\r\nProduct Price Change Alerts\r\n\r\nProduct Availability Alerts \r\n",
        "monthly_price": "47.00",
        "trial_days": 0,
        "plan_description": null,
        "price_info": null,
        "retail_price_info": null,
        "default_plan": 0,
        "payment_gateway": "shopify",
        "payment_interval": "",
        "hidden": true,
        "locked": true,
        "permissions": [
            1,
            2,
            3,
            4,
            5,
            6,
            7,
            8,
            9,
            10,
            11,
            12,
            13,
            14,
            15,
            16,
            17,
            18,
            19,
            20,
            21,
            22,
            23,
            24,
            25,
            26,
            27,
            28,
            29,
            30,
            31,
            32,
            34,
            35,
            36,
            38,
            39,
            40,
            45,
            47,
            48,
            49,
            50,
            51,
            52,
            54,
            55,
            56,
            57,
            58,
            59,
            61,
            62,
            63,
            64,
            65,
            66,
            67,
            68,
            69,
            70,
            71,
            73,
            75,
            76,
            77,
            78,
            79,
            80,
            81,
            82,
            83,
            84,
            85,
            86,
            87,
            88,
            89,
            93,
            94,
            95,
            96,
            97,
            98,
            99,
            100,
            101,
            105,
            106,
            107,
            108,
            109,
            110,
            111,
            112,
            113,
            114,
            115,
            116,
            117,
            120,
            126,
            129
        ]
    }
}, {
    "model": "leadgalaxy.groupplan",
    "pk": 26,
    "fields": {
        "title": "Unlimited Shopify",
        "slug": "unlimited-shopify",
        "register_hash": "8352dd9538e80567d48f432e7a45467a",
        "stores": -1,
        "products": -1,
        "boards": -1,
        "extra_stores": true,
        "auto_fulfill_limit": -1,
        "badge_image": "",
        "description": "Unlimited Plan",
        "notes": "",
        "features": "**Unlimited** includes\r\nEverything in Elite\r\n\r\nYou can add Unlimited Shopify stores to your account",
        "monthly_price": "99.00",
        "trial_days": 0,
        "plan_description": null,
        "price_info": null,
        "retail_price_info": null,
        "default_plan": 0,
        "payment_gateway": "shopify",
        "payment_interval": "monthly",
        "hidden": true,
        "locked": true,
        "permissions": [
            1,
            2,
            3,
            4,
            5,
            6,
            7,
            8,
            9,
            10,
            11,
            12,
            13,
            14,
            15,
            16,
            17,
            18,
            19,
            20,
            21,
            22,
            23,
            24,
            25,
            26,
            27,
            28,
            29,
            30,
            31,
            32,
            34,
            35,
            36,
            38,
            39,
            40,
            41,
            43,
            44,
            45,
            47,
            48,
            49,
            50,
            51,
            52,
            54,
            55,
            56,
            57,
            58,
            59,
            61,
            62,
            63,
            64,
            65,
            66,
            67,
            68,
            69,
            70,
            71,
            73,
            75,
            76,
            77,
            78,
            79,
            80,
            81,
            82,
            83,
            84,
            85,
            86,
            87,
            88,
            89,
            93,
            94,
            95,
            96,
            97,
            98,
            99,
            100,
            101,
            105,
            106,
            107,
            108,
            109,
            110,
            111,
            112,
            113,
            114,
            115,
            116,
            117,
            119,
            120,
            122,
            125,
            126,
            129,
            130,
            134
        ]
    }
}, {
    "model": "leadgalaxy.groupplan",
    "pk": 27,
    "fields": {
        "title": "Starter",
        "slug": "starter",
        "register_hash": "869281b46c06789334a36efba7c23abc",
        "stores": 0,
        "products": 0,
        "boards": 0,
        "extra_stores": false,
        "auto_fulfill_limit": 0,
        "badge_image": "",
        "description": "Free Plan",
        "notes": "Starter plan with limited auto fulfill",
        "features": "**Starter** includes\r\nAll of these great features:\r\n\r\nAutomate Product Research\r\n---------------------\r\n\r\nePacket ID & Filtering\r\n\r\n1-Click Save For Later\r\n\r\nProduct Boards\r\n\r\nAutomate Adding Products\r\n---------------------\r\n\r\n1-Click Add To Shopify\r\n\r\nQuick Default Settings\r\n\r\nEasy Product Images\r\n\r\nEasy Product Variant Setup ||This **allow** you to do a quick [search](http://google.com)||\r\n\r\nBulk Editing of Products\r\n\r\nProduct Filters\r\n\r\nSave Original Product Information\r\n\r\nEasy Product Variant Setup\r\n\r\nSend Multiple Products to Shopify at Once",
        "monthly_price": "0.00",
        "trial_days": 0,
        "plan_description": null,
        "price_info": null,
        "retail_price_info": null,
        "default_plan": 0,
        "payment_gateway": "stripe",
        "payment_interval": "monthly",
        "hidden": true,
        "locked": true,
        "permissions": [
            129
        ]
    }
}, {
    "model": "leadgalaxy.groupplan",
    "pk": 28,
    "fields": {
        "title": "Unlimited Lifetime - One Time",
        "slug": "unlimited-lifetime-one-time",
        "register_hash": "4bcb79b567a33db2d5760b878011af37",
        "stores": -1,
        "products": -1,
        "boards": -1,
        "extra_stores": true,
        "auto_fulfill_limit": -1,
        "badge_image": "",
        "description": "Unlimited Plan",
        "notes": "",
        "features": "**Unlimited** includes\r\nEverything in Elite\r\n\r\nYou can add Unlimited Shopify stores to your account",
        "monthly_price": null,
        "trial_days": 0,
        "plan_description": null,
        "price_info": null,
        "retail_price_info": null,
        "default_plan": 0,
        "payment_gateway": "stripe",
        "payment_interval": "monthly",
        "hidden": true,
        "locked": true,
        "permissions": [
            1,
            2,
            3,
            4,
            5,
            6,
            7,
            8,
            9,
            10,
            11,
            12,
            13,
            14,
            15,
            16,
            17,
            18,
            19,
            20,
            21,
            22,
            23,
            24,
            25,
            26,
            27,
            28,
            29,
            30,
            31,
            32,
            34,
            35,
            36,
            38,
            39,
            40,
            41,
            43,
            44,
            45,
            47,
            48,
            49,
            50,
            51,
            52,
            54,
            55,
            56,
            57,
            58,
            59,
            61,
            62,
            63,
            64,
            65,
            66,
            67,
            68,
            69,
            70,
            71,
            73,
            75,
            76,
            77,
            78,
            79,
            80,
            81,
            82,
            83,
            84,
            85,
            86,
            87,
            88,
            89,
            93,
            94,
            95,
            96,
            97,
            98,
            99,
            100,
            101,
            105,
            106,
            107,
            108,
            109,
            110,
            111,
            112,
            113,
            114,
            115,
            116,
            117,
            119,
            120,
            122,
            125,
            126,
            129,
            130,
            134
        ]
    }
}, {
    "model": "leadgalaxy.groupplan",
    "pk": 29,
    "fields": {
        "title": "Unlimited Lifetime - 3 Payments",
        "slug": "unlimited-lifetime-3pay",
        "register_hash": "3e54548316c6e21d3ee5e40f7b0acd50",
        "stores": -1,
        "products": -1,
        "boards": -1,
        "extra_stores": true,
        "auto_fulfill_limit": -1,
        "badge_image": "",
        "description": "Unlimited Plan",
        "notes": "",
        "features": "**Unlimited** includes\r\nEverything in Elite\r\n\r\nYou can add Unlimited Shopify stores to your account",
        "monthly_price": null,
        "trial_days": 0,
        "plan_description": null,
        "price_info": null,
        "retail_price_info": null,
        "default_plan": 0,
        "payment_gateway": "stripe",
        "payment_interval": "monthly",
        "hidden": true,
        "locked": true,
        "permissions": [
            1,
            2,
            3,
            4,
            5,
            6,
            7,
            8,
            9,
            10,
            11,
            12,
            13,
            14,
            15,
            16,
            17,
            18,
            19,
            20,
            21,
            22,
            23,
            24,
            25,
            26,
            27,
            28,
            29,
            30,
            31,
            32,
            34,
            35,
            36,
            38,
            39,
            40,
            41,
            43,
            44,
            45,
            47,
            48,
            49,
            50,
            51,
            52,
            54,
            55,
            56,
            57,
            58,
            59,
            61,
            62,
            63,
            64,
            65,
            66,
            67,
            68,
            69,
            70,
            71,
            73,
            75,
            76,
            77,
            78,
            79,
            80,
            81,
            82,
            83,
            84,
            85,
            86,
            87,
            88,
            89,
            93,
            94,
            95,
            96,
            97,
            98,
            99,
            100,
            101,
            105,
            106,
            107,
            108,
            109,
            110,
            111,
            112,
            113,
            114,
            115,
            116,
            117,
            119,
            120,
            122,
            125,
            126,
            128,
            129,
            130,
            134
        ]
    }
}, {
    "model": "leadgalaxy.groupplan",
    "pk": 30,
    "fields": {
        "title": "Unlimited Lifetime - Yearly",
        "slug": "unlimited-lifetime-yearly",
        "register_hash": "7dbd2b1f8707fe019c200d148c3af918",
        "stores": -1,
        "products": -1,
        "boards": -1,
        "extra_stores": true,
        "auto_fulfill_limit": -1,
        "badge_image": "",
        "description": "Unlimited Plan",
        "notes": "",
        "features": "**Unlimited** includes\r\nEverything in Elite\r\n\r\nYou can add Unlimited Shopify stores to your account",
        "monthly_price": null,
        "trial_days": 0,
        "plan_description": null,
        "price_info": null,
        "retail_price_info": null,
        "default_plan": 0,
        "payment_gateway": "stripe",
        "payment_interval": "monthly",
        "hidden": true,
        "locked": true,
        "permissions": [
            1,
            2,
            3,
            4,
            5,
            6,
            7,
            8,
            9,
            10,
            11,
            12,
            13,
            14,
            15,
            16,
            17,
            18,
            19,
            20,
            21,
            22,
            23,
            24,
            25,
            26,
            27,
            28,
            29,
            30,
            31,
            32,
            34,
            35,
            36,
            38,
            39,
            40,
            41,
            43,
            44,
            45,
            47,
            48,
            49,
            50,
            51,
            52,
            54,
            55,
            56,
            57,
            58,
            59,
            61,
            62,
            63,
            64,
            65,
            66,
            67,
            68,
            69,
            70,
            71,
            73,
            75,
            76,
            77,
            78,
            79,
            80,
            81,
            82,
            83,
            84,
            85,
            86,
            87,
            88,
            89,
            93,
            94,
            95,
            96,
            97,
            98,
            99,
            100,
            101,
            105,
            106,
            107,
            108,
            109,
            110,
            111,
            112,
            113,
            114,
            115,
            116,
            117,
            119,
            120,
            122,
            125,
            126,
            129,
            130,
            134
        ]
    }
}, {
    "model": "leadgalaxy.groupplan",
    "pk": 31,
    "fields": {
        "title": "Unlimited Lifetime",
        "slug": "unlimited-lifetime",
        "register_hash": "adcf4b3654e3f04609e511fa3068ec96",
        "stores": -1,
        "products": -1,
        "boards": -1,
        "extra_stores": true,
        "auto_fulfill_limit": -1,
        "badge_image": "",
        "description": "Unlimited Lifetime",
        "notes": "Users will be moved to this plan after 1x or 3x payments",
        "features": "**Unlimited** includes\r\nEverything in Elite\r\n\r\nYou can add Unlimited Shopify stores to your account",
        "monthly_price": null,
        "trial_days": 0,
        "plan_description": null,
        "price_info": null,
        "retail_price_info": null,
        "default_plan": 0,
        "payment_gateway": "stripe",
        "payment_interval": "monthly",
        "hidden": true,
        "locked": true,
        "permissions": [
            1,
            2,
            3,
            4,
            5,
            6,
            7,
            8,
            9,
            10,
            11,
            12,
            13,
            14,
            15,
            16,
            17,
            18,
            19,
            20,
            21,
            22,
            23,
            24,
            25,
            26,
            27,
            28,
            29,
            30,
            31,
            32,
            34,
            35,
            36,
            38,
            39,
            40,
            41,
            43,
            44,
            45,
            47,
            48,
            49,
            50,
            51,
            52,
            54,
            55,
            56,
            57,
            58,
            59,
            61,
            62,
            63,
            64,
            65,
            66,
            67,
            68,
            69,
            70,
            71,
            73,
            75,
            76,
            77,
            78,
            79,
            80,
            81,
            82,
            83,
            84,
            85,
            86,
            87,
            88,
            89,
            93,
            94,
            95,
            96,
            97,
            98,
            99,
            100,
            101,
            105,
            106,
            107,
            108,
            109,
            110,
            111,
            112,
            113,
            114,
            115,
            116,
            117,
            119,
            120,
            122,
            125,
            126,
            128,
            129,
            130,
            134
        ]
    }
}, {
    "model": "leadgalaxy.groupplan",
    "pk": 32,
    "fields": {
        "title": "Elite - 7 Days Trial",
        "slug": "elite-eba7",
        "register_hash": "10d610e1105972afdbd38e4a36645755",
        "stores": 1,
        "products": -1,
        "boards": -1,
        "extra_stores": true,
        "auto_fulfill_limit": -1,
        "badge_image": "",
        "description": "Elite Plan",
        "notes": "Stripe Elite Monthly plan ",
        "features": "**Elite** includes\r\nEverything in Pro, and:\r\n\r\nIn App Photo Editing\r\n\r\nAliExpress Order Fulfillment\r\n---------------------\r\n\r\nView and Manage Shopify Orders\r\n\r\n**Unlimited** 1-Click AliExpress Order Fulfillment\r\n\r\n1-Click Fulfillment For Multi-item Orders\r\n\r\nAuto Save AliExpress Order ID\r\n\r\nAuto Scan For Tracking Numbers\r\n\r\nAutomatically Mark Orders as Fulfilled\r\n\r\nEdit Shopify Order Notes\r\n\r\nSave Order Info To Shopify Notes\r\n\r\nCustom Order Notes To Supplier\r\n\r\nEasy Order Filtering\r\n\r\nAutomate Scaling Your Drop Shipping Business\r\n---------------------\r\n\r\nAdd Sub Users\r\n\r\nProduct Price Change Alerts\r\n\r\nProduct Availability Alerts \r\n",
        "monthly_price": "47.00",
        "trial_days": 0,
        "plan_description": null,
        "price_info": null,
        "retail_price_info": null,
        "default_plan": 0,
        "payment_gateway": "stripe",
        "payment_interval": "",
        "hidden": true,
        "locked": false,
        "permissions": [
            1,
            2,
            3,
            4,
            5,
            6,
            7,
            8,
            9,
            10,
            11,
            12,
            13,
            14,
            15,
            16,
            17,
            18,
            19,
            20,
            21,
            22,
            23,
            24,
            25,
            26,
            27,
            28,
            29,
            30,
            31,
            32,
            34,
            35,
            36,
            38,
            39,
            40,
            45,
            47,
            48,
            49,
            50,
            51,
            52,
            54,
            55,
            56,
            57,
            58,
            59,
            61,
            62,
            63,
            64,
            65,
            66,
            67,
            68,
            69,
            70,
            71,
            73,
            75,
            76,
            77,
            78,
            79,
            80,
            81,
            82,
            83,
            84,
            85,
            86,
            87,
            88,
            89,
            93,
            94,
            95,
            96,
            97,
            98,
            99,
            100,
            101,
            105,
            106,
            107,
            108,
            109,
            110,
            111,
            112,
            113,
            114,
            115,
            116,
            120,
            126,
            129
        ]
    }
}, {
    "model": "leadgalaxy.groupplan",
    "pk": 33,
    "fields": {
        "title": "Elite - Yearly",
        "slug": "elite-yearly",
        "register_hash": "9a0b9e79af3db98a0119b6415712e3c3",
        "stores": 1,
        "products": -1,
        "boards": -1,
        "extra_stores": true,
        "auto_fulfill_limit": -1,
        "badge_image": "",
        "description": "Elite Plan",
        "notes": "Stripe Elite Monthly plan ",
        "features": "**Elite** includes\r\nEverything in Pro, and:\r\n\r\nIn App Photo Editing\r\n\r\nAliExpress Order Fulfillment\r\n---------------------\r\n\r\nView and Manage Shopify Orders\r\n\r\n**Unlimited** 1-Click AliExpress Order Fulfillment\r\n\r\n1-Click Fulfillment For Multi-item Orders\r\n\r\nAuto Save AliExpress Order ID\r\n\r\nAuto Scan For Tracking Numbers\r\n\r\nAutomatically Mark Orders as Fulfilled\r\n\r\nEdit Shopify Order Notes\r\n\r\nSave Order Info To Shopify Notes\r\n\r\nCustom Order Notes To Supplier\r\n\r\nEasy Order Filtering\r\n\r\nAutomate Scaling Your Drop Shipping Business\r\n---------------------\r\n\r\nAdd Sub Users\r\n\r\nProduct Price Change Alerts\r\n\r\nProduct Availability Alerts \r\n",
        "monthly_price": "497.00",
        "trial_days": 0,
        "plan_description": null,
        "price_info": null,
        "retail_price_info": null,
        "default_plan": 0,
        "payment_gateway": "stripe",
        "payment_interval": "",
        "hidden": true,
        "locked": true,
        "permissions": [
            1,
            2,
            3,
            4,
            5,
            6,
            7,
            8,
            9,
            10,
            11,
            12,
            13,
            14,
            15,
            16,
            17,
            18,
            19,
            20,
            21,
            22,
            23,
            24,
            25,
            26,
            27,
            28,
            29,
            30,
            31,
            32,
            34,
            35,
            36,
            38,
            39,
            40,
            45,
            47,
            48,
            49,
            50,
            51,
            52,
            54,
            55,
            56,
            57,
            58,
            59,
            61,
            62,
            63,
            64,
            65,
            66,
            67,
            68,
            69,
            70,
            71,
            73,
            75,
            76,
            77,
            78,
            79,
            80,
            81,
            82,
            83,
            84,
            85,
            86,
            87,
            88,
            89,
            93,
            94,
            95,
            96,
            97,
            98,
            99,
            100,
            101,
            105,
            106,
            107,
            108,
            109,
            110,
            111,
            112,
            113,
            114,
            115,
            116,
            120,
            126,
            129
        ]
    }
}, {
    "model": "leadgalaxy.groupplan",
    "pk": 34,
    "fields": {
        "title": "Builder",
        "slug": "builder",
        "register_hash": "be6e726fcb98f23c854f5b8cbe8fde61",
        "stores": 1,
        "products": 15000,
        "boards": 50,
        "extra_stores": false,
        "auto_fulfill_limit": 1000,
        "badge_image": "",
        "description": "Builder Plan",
        "notes": "",
        "features": "",
        "monthly_price": "47.00",
        "trial_days": 14,
        "plan_description": null,
        "price_info": null,
        "retail_price_info": null,
        "default_plan": 0,
        "payment_gateway": "stripe",
        "payment_interval": "",
        "hidden": false,
        "locked": false,
        "permissions": [
            1,
            2,
            3,
            4,
            5,
            6,
            7,
            8,
            9,
            10,
            11,
            12,
            13,
            14,
            15,
            16,
            17,
            18,
            19,
            20,
            21,
            22,
            23,
            24,
            25,
            26,
            27,
            28,
            29,
            30,
            31,
            32,
            34,
            35,
            36,
            38,
            39,
            40,
            45,
            47,
            48,
            49,
            50,
            51,
            52,
            54,
            55,
            56,
            57,
            58,
            59,
            61,
            62,
            63,
            64,
            65,
            66,
            67,
            68,
            69,
            70,
            71,
            73,
            75,
            76,
            77,
            78,
            79,
            80,
            81,
            82,
            83,
            84,
            85,
            86,
            87,
            88,
            89,
            93,
            94,
            95,
            96,
            97,
            98,
            99,
            100,
            101,
            105,
            106,
            107,
            108,
            109,
            110,
            111,
            112,
            113,
            114,
            115,
            116,
            120,
            126,
            129
        ]
    }
}, {
    "model": "leadgalaxy.groupplan",
    "pk": 35,
    "fields": {
        "title": "Premier",
        "slug": "premier-prom",
        "register_hash": "ffe93a45d68a3b805897f3ded7596dfe",
        "stores": 5,
        "products": 50000,
        "boards": 250,
        "extra_stores": true,
        "auto_fulfill_limit": 100000,
        "badge_image": "",
        "description": "Premier Plan",
        "notes": "",
        "features": "",
        "monthly_price": "97.00",
        "trial_days": 14,
        "plan_description": null,
        "price_info": null,
        "retail_price_info": null,
        "default_plan": 0,
        "payment_gateway": "stripe",
        "payment_interval": "monthly",
        "hidden": true,
        "locked": true,
        "permissions": [
            1,
            2,
            3,
            4,
            5,
            6,
            7,
            8,
            9,
            10,
            11,
            12,
            13,
            14,
            15,
            16,
            17,
            18,
            19,
            20,
            21,
            22,
            23,
            24,
            25,
            26,
            27,
            28,
            29,
            30,
            31,
            32,
            34,
            35,
            36,
            38,
            39,
            40,
            45,
            47,
            48,
            49,
            50,
            51,
            52,
            54,
            55,
            56,
            57,
            58,
            59,
            61,
            62,
            63,
            64,
            65,
            66,
            67,
            68,
            69,
            70,
            71,
            73,
            75,
            76,
            77,
            78,
            79,
            80,
            81,
            82,
            83,
            84,
            85,
            86,
            87,
            88,
            89,
            93,
            94,
            95,
            96,
            97,
            98,
            99,
            100,
            101,
            105,
            106,
            107,
            108,
            109,
            110,
            111,
            112,
            113,
            114,
            115,
            116,
            117,
            119,
            120,
            122,
            125,
            126,
            127,
            128,
            129,
            130,
            131,
            134
        ]
    }
}, {
    "model": "leadgalaxy.groupplan",
    "pk": 36,
    "fields": {
        "title": "Shopify Free Plan",
        "slug": "shopify-free-plan",
        "register_hash": "bcbce8b0fdcdec9808aa4e187ebbe229",
        "stores": 1,
        "products": 0,
        "boards": 0,
        "extra_stores": true,
        "auto_fulfill_limit": 0,
        "badge_image": "",
        "description": "Free Plan",
        "notes": "",
        "features": "",
        "monthly_price": "0.00",
        "trial_days": 0,
        "plan_description": null,
        "price_info": null,
        "retail_price_info": null,
        "default_plan": 0,
        "payment_gateway": "shopify",
        "payment_interval": "",
        "hidden": true,
        "locked": false,
        "permissions": [
            129
        ]
    }
}, {
    "model": "leadgalaxy.groupplan",
    "pk": 37,
    "fields": {
        "title": "Premier Shopify",
        "slug": "premier-shopify",
        "register_hash": "3f8d7c7144dc4f18136f36d6f08667f9",
        "stores": 1,
        "products": 50000,
        "boards": 250,
        "extra_stores": false,
        "auto_fulfill_limit": 100000,
        "badge_image": "",
        "description": "Premier Plan",
        "notes": "",
        "features": "",
        "monthly_price": "127.00",
        "trial_days": 14,
        "plan_description": null,
        "price_info": null,
        "retail_price_info": null,
        "default_plan": 0,
        "payment_gateway": "shopify",
        "payment_interval": "monthly",
        "hidden": false,
        "locked": true,
        "permissions": [
            1,
            2,
            3,
            4,
            5,
            6,
            7,
            8,
            9,
            10,
            11,
            12,
            13,
            14,
            15,
            16,
            17,
            18,
            19,
            20,
            21,
            22,
            23,
            24,
            25,
            26,
            27,
            28,
            29,
            30,
            31,
            32,
            34,
            35,
            36,
            38,
            39,
            40,
            45,
            47,
            48,
            49,
            50,
            51,
            52,
            54,
            55,
            56,
            57,
            58,
            59,
            61,
            62,
            63,
            64,
            65,
            66,
            67,
            68,
            69,
            70,
            71,
            73,
            75,
            76,
            77,
            78,
            79,
            80,
            81,
            82,
            83,
            84,
            85,
            86,
            87,
            88,
            89,
            93,
            94,
            95,
            96,
            97,
            98,
            99,
            100,
            101,
            105,
            106,
            107,
            108,
            109,
            110,
            111,
            112,
            113,
            114,
            115,
            116,
            117,
            119,
            120,
            122,
            125,
            126,
            127,
            128,
            129,
            130,
            131,
            134
        ]
    }
}, {
    "model": "leadgalaxy.groupplan",
    "pk": 38,
    "fields": {
        "title": "Builder Shopify",
        "slug": "builder-shopify",
        "register_hash": "083d0830c001c297d0bfeeed018ee4d5",
        "stores": 1,
        "products": 15000,
        "boards": 50,
        "extra_stores": true,
        "auto_fulfill_limit": 1000,
        "badge_image": "",
        "description": "Builder Plan",
        "notes": "",
        "features": "",
        "monthly_price": "47.00",
        "trial_days": 14,
        "plan_description": null,
        "price_info": null,
        "retail_price_info": null,
        "default_plan": 0,
        "payment_gateway": "shopify",
        "payment_interval": "",
        "hidden": false,
        "locked": false,
        "permissions": [
            1,
            2,
            3,
            4,
            5,
            6,
            7,
            8,
            9,
            10,
            11,
            12,
            13,
            14,
            15,
            16,
            17,
            18,
            19,
            20,
            21,
            22,
            23,
            24,
            25,
            26,
            27,
            28,
            29,
            30,
            31,
            32,
            34,
            35,
            36,
            38,
            39,
            40,
            45,
            47,
            48,
            49,
            50,
            51,
            52,
            54,
            55,
            56,
            57,
            58,
            59,
            61,
            62,
            63,
            64,
            65,
            66,
            67,
            68,
            69,
            70,
            71,
            73,
            75,
            76,
            77,
            78,
            79,
            80,
            81,
            82,
            83,
            84,
            85,
            86,
            87,
            88,
            89,
            93,
            94,
            95,
            96,
            97,
            98,
            99,
            100,
            101,
            105,
            106,
            107,
            108,
            109,
            110,
            111,
            112,
            113,
            114,
            115,
            116,
            120,
            126,
            129
        ]
    }
}, {
    "model": "leadgalaxy.groupplan",
    "pk": 40,
    "fields": {
        "title": "Builder Yearly",
        "slug": "builder-yearly",
        "register_hash": "34a47b9d02a975903a6552add90f07eb",
        "stores": 1,
        "products": 15000,
        "boards": 50,
        "extra_stores": false,
        "auto_fulfill_limit": 1000,
        "badge_image": "",
        "description": "Builder Plan",
        "notes": "",
        "features": "",
        "monthly_price": "39.00",
        "trial_days": 14,
        "plan_description": null,
        "price_info": "$39.00<span>/mo - Billed Annually</span><br><span style=\"font-size:0.6em\">$468.00/year</span>",
        "retail_price_info": null,
        "default_plan": 0,
        "payment_gateway": "stripe",
        "payment_interval": "yearly",
        "hidden": false,
        "locked": false,
        "permissions": [
            1,
            2,
            3,
            4,
            5,
            6,
            7,
            8,
            9,
            10,
            11,
            12,
            13,
            14,
            15,
            16,
            17,
            18,
            19,
            20,
            21,
            22,
            23,
            24,
            25,
            26,
            27,
            28,
            29,
            30,
            31,
            32,
            34,
            35,
            36,
            38,
            39,
            40,
            45,
            47,
            48,
            49,
            50,
            51,
            52,
            54,
            55,
            56,
            57,
            58,
            59,
            61,
            62,
            63,
            64,
            65,
            66,
            67,
            68,
            69,
            70,
            71,
            73,
            75,
            76,
            77,
            78,
            79,
            80,
            81,
            82,
            83,
            84,
            85,
            86,
            87,
            88,
            89,
            93,
            94,
            95,
            96,
            97,
            98,
            99,
            100,
            101,
            105,
            106,
            107,
            108,
            109,
            110,
            111,
            112,
            113,
            114,
            115,
            116,
            120,
            126,
            129
        ]
    }
}, {
    "model": "leadgalaxy.groupplan",
    "pk": 41,
    "fields": {
        "title": "Premier Yearly",
        "slug": "premier-yearly-prom",
        "register_hash": "f81607e9671dc59ecf9ae6622c2ba662",
        "stores": 5,
        "products": 50000,
        "boards": 250,
        "extra_stores": true,
        "auto_fulfill_limit": 100000,
        "badge_image": "",
        "description": "Premier Plan",
        "notes": "",
        "features": "",
        "monthly_price": "79.00",
        "trial_days": 14,
        "plan_description": null,
        "price_info": null,
        "retail_price_info": null,
        "default_plan": 0,
        "payment_gateway": "stripe",
        "payment_interval": "yearly",
        "hidden": true,
        "locked": true,
        "permissions": [
            1,
            2,
            3,
            4,
            5,
            6,
            7,
            8,
            9,
            10,
            11,
            12,
            13,
            14,
            15,
            16,
            17,
            18,
            19,
            20,
            21,
            22,
            23,
            24,
            25,
            26,
            27,
            28,
            29,
            30,
            31,
            32,
            34,
            35,
            36,
            38,
            39,
            40,
            45,
            47,
            48,
            49,
            50,
            51,
            52,
            54,
            55,
            56,
            57,
            58,
            59,
            61,
            62,
            63,
            64,
            65,
            66,
            67,
            68,
            69,
            70,
            71,
            73,
            75,
            76,
            77,
            78,
            79,
            80,
            81,
            82,
            83,
            84,
            85,
            86,
            87,
            88,
            89,
            93,
            94,
            95,
            96,
            97,
            98,
            99,
            100,
            101,
            105,
            106,
            107,
            108,
            109,
            110,
            111,
            112,
            113,
            114,
            115,
            116,
            117,
            119,
            120,
            122,
            125,
            126,
            127,
            128,
            129,
            130,
            131,
            134
        ]
    }
}, {
    "model": "leadgalaxy.groupplan",
    "pk": 42,
    "fields": {
        "title": "Builder Yearly Shopify",
        "slug": "builder-yearly-shopify",
        "register_hash": "2d45056ea4af1f8cef8772f053af16a7",
        "stores": 1,
        "products": 15000,
        "boards": 50,
        "extra_stores": true,
        "auto_fulfill_limit": 1000,
        "badge_image": "",
        "description": "Builder Plan",
        "notes": "",
        "features": "",
        "monthly_price": "39.00",
        "trial_days": 14,
        "plan_description": null,
        "price_info": null,
        "retail_price_info": null,
        "default_plan": 0,
        "payment_gateway": "shopify",
        "payment_interval": "yearly",
        "hidden": false,
        "locked": false,
        "permissions": [
            1,
            2,
            3,
            4,
            5,
            6,
            7,
            8,
            9,
            10,
            11,
            12,
            13,
            14,
            15,
            16,
            17,
            18,
            19,
            20,
            21,
            22,
            23,
            24,
            25,
            26,
            27,
            28,
            29,
            30,
            31,
            32,
            34,
            35,
            36,
            38,
            39,
            40,
            45,
            47,
            48,
            49,
            50,
            51,
            52,
            54,
            55,
            56,
            57,
            58,
            59,
            61,
            62,
            63,
            64,
            65,
            66,
            67,
            68,
            69,
            70,
            71,
            73,
            75,
            76,
            77,
            78,
            79,
            80,
            81,
            82,
            83,
            84,
            85,
            86,
            87,
            88,
            89,
            93,
            94,
            95,
            96,
            97,
            98,
            99,
            100,
            101,
            105,
            106,
            107,
            108,
            109,
            110,
            111,
            112,
            113,
            114,
            115,
            116,
            120,
            126,
            129
        ]
    }
}, {
    "model": "leadgalaxy.groupplan",
    "pk": 43,
    "fields": {
        "title": "Premier Yearly Shopify",
        "slug": "premier-yearly-shopify",
        "register_hash": "f32f0c170ce7488c5766330ce415a29d",
        "stores": 1,
        "products": 50000,
        "boards": 250,
        "extra_stores": false,
        "auto_fulfill_limit": 100000,
        "badge_image": "",
        "description": "Premier Plan",
        "notes": "",
        "features": "",
        "monthly_price": "97.00",
        "trial_days": 14,
        "plan_description": null,
        "price_info": null,
        "retail_price_info": null,
        "default_plan": 0,
        "payment_gateway": "shopify",
        "payment_interval": "yearly",
        "hidden": false,
        "locked": false,
        "permissions": [
            1,
            2,
            3,
            4,
            5,
            6,
            7,
            8,
            9,
            10,
            11,
            12,
            13,
            14,
            15,
            16,
            17,
            18,
            19,
            20,
            21,
            22,
            23,
            24,
            25,
            26,
            27,
            28,
            29,
            30,
            31,
            32,
            34,
            35,
            36,
            38,
            39,
            40,
            45,
            47,
            48,
            49,
            50,
            51,
            52,
            54,
            55,
            56,
            57,
            58,
            59,
            61,
            62,
            63,
            64,
            65,
            66,
            67,
            68,
            69,
            70,
            71,
            73,
            75,
            76,
            77,
            78,
            79,
            80,
            81,
            82,
            83,
            84,
            85,
            86,
            87,
            88,
            89,
            93,
            94,
            95,
            96,
            97,
            98,
            99,
            100,
            101,
            105,
            106,
            107,
            108,
            109,
            110,
            111,
            112,
            113,
            114,
            115,
            116,
            117,
            119,
            120,
            122,
            125,
            126,
            127,
            128,
            129,
            130,
            131,
            134
        ]
    }
}, {
    "model": "leadgalaxy.groupplan",
    "pk": 44,
    "fields": {
        "title": "Dropified Lifetime Stripe",
        "slug": "dropified-lifetime-stripe",
        "register_hash": "c8ef6dd015f6aa13c843414ed4226bdd",
        "stores": -1,
        "products": -1,
        "boards": -1,
        "extra_stores": true,
        "auto_fulfill_limit": -1,
        "badge_image": "",
        "description": "Lifetime Plan",
        "notes": "",
        "features": "",
        "monthly_price": null,
        "trial_days": 0,
        "plan_description": "Lifetime Plan",
        "price_info": null,
        "retail_price_info": null,
        "default_plan": 0,
        "payment_gateway": "stripe",
        "payment_interval": "lifetime",
        "hidden": true,
        "locked": true,
        "permissions": [
            1,
            2,
            3,
            4,
            5,
            6,
            7,
            8,
            9,
            10,
            11,
            12,
            13,
            14,
            15,
            16,
            17,
            18,
            19,
            20,
            21,
            22,
            23,
            24,
            25,
            26,
            27,
            28,
            29,
            30,
            31,
            32,
            34,
            35,
            36,
            38,
            39,
            40,
            41,
            43,
            44,
            45,
            47,
            48,
            49,
            50,
            51,
            52,
            54,
            55,
            56,
            57,
            58,
            59,
            61,
            62,
            63,
            64,
            65,
            66,
            67,
            68,
            69,
            70,
            71,
            73,
            75,
            76,
            77,
            78,
            79,
            80,
            81,
            82,
            83,
            84,
            85,
            86,
            87,
            88,
            89,
            93,
            94,
            95,
            96,
            97,
            98,
            99,
            100,
            101,
            105,
            106,
            107,
            108,
            109,
            110,
            111,
            112,
            113,
            114,
            115,
            116,
            117,
            119,
            120,
            122,
            125,
            126,
            128,
            129,
            130,
            134
        ]
    }
}, {
    "model": "leadgalaxy.groupplan",
    "pk": 45,
    "fields": {
        "title": "Premier RT",
        "slug": "premier",
        "register_hash": "22b4c1960e7fc9734b2e3ec945ba7b97",
        "stores": 5,
        "products": 50000,
        "boards": 250,
        "extra_stores": true,
        "auto_fulfill_limit": 100000,
        "badge_image": "",
        "description": "Premier Plan",
        "notes": "",
        "features": "",
        "monthly_price": "127.00",
        "trial_days": 14,
        "plan_description": null,
        "price_info": null,
        "retail_price_info": null,
        "default_plan": 0,
        "payment_gateway": "stripe",
        "payment_interval": "monthly",
        "hidden": false,
        "locked": false,
        "permissions": [
            1,
            2,
            3,
            4,
            5,
            6,
            7,
            8,
            9,
            10,
            11,
            12,
            13,
            14,
            15,
            16,
            17,
            18,
            19,
            20,
            21,
            22,
            23,
            24,
            25,
            26,
            27,
            28,
            29,
            30,
            31,
            32,
            34,
            35,
            36,
            38,
            39,
            40,
            45,
            47,
            48,
            49,
            50,
            51,
            52,
            54,
            55,
            56,
            57,
            58,
            59,
            61,
            62,
            63,
            64,
            65,
            66,
            67,
            68,
            69,
            70,
            71,
            73,
            75,
            76,
            77,
            78,
            79,
            80,
            81,
            82,
            83,
            84,
            85,
            86,
            87,
            88,
            89,
            93,
            94,
            95,
            96,
            97,
            98,
            99,
            100,
            101,
            105,
            106,
            107,
            108,
            109,
            110,
            111,
            112,
            113,
            114,
            115,
            116,
            117,
            119,
            120,
            122,
            125,
            126,
            127,
            128,
            129,
            130,
            131,
            134
        ]
    }
}, {
    "model": "leadgalaxy.groupplan",
    "pk": 46,
    "fields": {
        "title": "Premier Yearly RT",
        "slug": "premier-yearly",
        "register_hash": "6eb1eff3ba48d7ef4cc73d02a7a1492c",
        "stores": 5,
        "products": 50000,
        "boards": 250,
        "extra_stores": true,
        "auto_fulfill_limit": 100000,
        "badge_image": "",
        "description": "Premier Plan",
        "notes": "",
        "features": "",
        "monthly_price": "97.00",
        "trial_days": 14,
        "plan_description": null,
        "price_info": "$97.00<span>/mo - Billed Annually</span><br><span style=\"font-size:0.6em\">$1164.00/year</span>",
        "retail_price_info": null,
        "default_plan": 0,
        "payment_gateway": "stripe",
        "payment_interval": "yearly",
        "hidden": false,
        "locked": false,
        "permissions": [
            1,
            2,
            3,
            4,
            5,
            6,
            7,
            8,
            9,
            10,
            11,
            12,
            13,
            14,
            15,
            16,
            17,
            18,
            19,
            20,
            21,
            22,
            23,
            24,
            25,
            26,
            27,
            28,
            29,
            30,
            31,
            32,
            34,
            35,
            36,
            38,
            39,
            40,
            45,
            47,
            48,
            49,
            50,
            51,
            52,
            54,
            55,
            56,
            57,
            58,
            59,
            61,
            62,
            63,
            64,
            65,
            66,
            67,
            68,
            69,
            70,
            71,
            73,
            75,
            76,
            77,
            78,
            79,
            80,
            81,
            82,
            83,
            84,
            85,
            86,
            87,
            88,
            89,
            93,
            94,
            95,
            96,
            97,
            98,
            99,
            100,
            101,
            105,
            106,
            107,
            108,
            109,
            110,
            111,
            112,
            113,
            114,
            115,
            116,
            117,
            119,
            120,
            122,
            125,
            126,
            127,
            128,
            129,
            130,
            131,
            134
        ]
    }
}, {
  "model": "leadgalaxy.groupplan",
  "pk": 48,
  "fields": {
    "title": "Premier Yearly 60DC",
    "slug": "premier-yearly-60dc",
    "register_hash": "db96ad689e4db85ee00f8f25904486d1",
    "stores": 0,
    "products": 0,
    "boards": 0,
    "extra_stores": true,
    "auto_fulfill_limit": -1,
    "badge_image": "",
    "description": "",
    "notes": "",
    "features": "",
    "monthly_price": null,
    "trial_days": 0,
    "plan_description": null,
    "price_info": null,
    "retail_price_info": null,
    "default_plan": 0,
    "payment_gateway": "stripe",
    "payment_interval": "yearly",
    "hidden": false,
    "locked": false,
    "permissions": []
  }
}, {
  "model": "leadgalaxy.groupplan",
  "pk": 49,
  "fields": {
    "title": "Paused Plan",
    "slug": "paused-plan",
    "register_hash": "4a07d9ca9ff3d8948eb60379ecd19a3b",
    "stores": -1,
    "products": 0,
    "boards": 0,
    "extra_stores": false,
    "auto_fulfill_limit": 0,
    "badge_image": "",
    "description": "",
    "notes": "",
    "features": "",
    "monthly_price": "12.00",
    "trial_days": 0,
    "plan_description": null,
    "price_info": null,
    "retail_price_info": null,
    "default_plan": 0,
    "payment_gateway": "stripe",
    "payment_interval": "monthly",
    "hidden": true,
    "locked": true,
    "permissions": []
  }
}, {
  "model": "leadgalaxy.groupplan",
  "pk": 50,
  "fields": {
    "title": "Shopify Paused Plan",
    "slug": "paused-plan-shopify",
    "register_hash": "",
    "stores": -1,
    "products": 0,
    "boards": 0,
    "extra_stores": false,
    "auto_fulfill_limit": 0,
    "badge_image": "",
    "description": "",
    "notes": "",
    "features": "",
    "monthly_price": "12.00",
    "trial_days": 0,
    "plan_description": null,
    "price_info": null,
    "retail_price_info": null,
    "default_plan": 0,
    "payment_gateway": "shopify",
    "payment_interval": "monthly",
    "hidden": true,
    "locked": true,
    "permissions": []
  }
}, {
    "model": "leadgalaxy.apppermission",
    "pk": 1,
    "fields": {
        "name": "bulk_editing.view",
        "description": "Bulk Editing | View"
    }
}, {
    "model": "leadgalaxy.apppermission",
    "pk": 2,
    "fields": {
        "name": "bulk_editing.use",
        "description": "Bulk Editing | Use"
    }
}, {
    "model": "leadgalaxy.apppermission",
    "pk": 3,
    "fields": {
        "name": "product_filters.view",
        "description": "Product Filters | View"
    }
}, {
    "model": "leadgalaxy.apppermission",
    "pk": 4,
    "fields": {
        "name": "product_filters.use",
        "description": "Product Filters | Use"
    }
}, {
    "model": "leadgalaxy.apppermission",
    "pk": 5,
    "fields": {
        "name": "original_product.view",
        "description": "Original Product | View"
    }
}, {
    "model": "leadgalaxy.apppermission",
    "pk": 6,
    "fields": {
        "name": "original_product.use",
        "description": "Original Product | Use"
    }
}, {
    "model": "leadgalaxy.apppermission",
    "pk": 7,
    "fields": {
        "name": "shipping_methods.view",
        "description": "Shipping Methods | View"
    }
}, {
    "model": "leadgalaxy.apppermission",
    "pk": 8,
    "fields": {
        "name": "shipping_methods.use",
        "description": "Shipping Methods | Use"
    }
}, {
    "model": "leadgalaxy.apppermission",
    "pk": 9,
    "fields": {
        "name": "notes.view",
        "description": "Notes | View"
    }
}, {
    "model": "leadgalaxy.apppermission",
    "pk": 10,
    "fields": {
        "name": "notes.use",
        "description": "Notes | Use"
    }
}, {
    "model": "leadgalaxy.apppermission",
    "pk": 11,
    "fields": {
        "name": "image_uploader.view",
        "description": "Image Uploader | View"
    }
}, {
    "model": "leadgalaxy.apppermission",
    "pk": 12,
    "fields": {
        "name": "image_uploader.use",
        "description": "Image Uploader | Use"
    }
}, {
    "model": "leadgalaxy.apppermission",
    "pk": 13,
    "fields": {
        "name": "product_variant_setup.view",
        "description": "Product Variant Setup | View"
    }
}, {
    "model": "leadgalaxy.apppermission",
    "pk": 14,
    "fields": {
        "name": "product_variant_setup.use",
        "description": "Product Variant Setup | Use"
    }
}, {
    "model": "leadgalaxy.apppermission",
    "pk": 15,
    "fields": {
        "name": "multiple_shopify_export.view",
        "description": "Multiple Shopify Export | View"
    }
}, {
    "model": "leadgalaxy.apppermission",
    "pk": 16,
    "fields": {
        "name": "multiple_shopify_export.use",
        "description": "Multiple Shopify Export | Use"
    }
}, {
    "model": "leadgalaxy.apppermission",
    "pk": 17,
    "fields": {
        "name": "bulk_products_export.view",
        "description": "Bulk Products Export | View"
    }
}, {
    "model": "leadgalaxy.apppermission",
    "pk": 18,
    "fields": {
        "name": "bulk_products_export.use",
        "description": "Bulk Products Export | Use"
    }
}, {
    "model": "leadgalaxy.apppermission",
    "pk": 19,
    "fields": {
        "name": "aviary_photo_editor.view",
        "description": "Aviary Photo Editor | View"
    }
}, {
    "model": "leadgalaxy.apppermission",
    "pk": 20,
    "fields": {
        "name": "aviary_photo_editor.use",
        "description": "Aviary Photo Editor | Use"
    }
}, {
    "model": "leadgalaxy.apppermission",
    "pk": 21,
    "fields": {
        "name": "orders.view",
        "description": "Orders | View"
    }
}, {
    "model": "leadgalaxy.apppermission",
    "pk": 22,
    "fields": {
        "name": "orders.use",
        "description": "Orders | Use"
    }
}, {
    "model": "leadgalaxy.apppermission",
    "pk": 23,
    "fields": {
        "name": "product_metadata.view",
        "description": "Product Metadata | View"
    }
}, {
    "model": "leadgalaxy.apppermission",
    "pk": 24,
    "fields": {
        "name": "product_metadata.use",
        "description": "Product Metadata | Use"
    }
}, {
    "model": "leadgalaxy.apppermission",
    "pk": 25,
    "fields": {
        "name": "auto_margin.view",
        "description": "Auto Margin | View"
    }
}, {
    "model": "leadgalaxy.apppermission",
    "pk": 26,
    "fields": {
        "name": "auto_margin.use",
        "description": "Auto Margin | Use"
    }
}, {
    "model": "leadgalaxy.apppermission",
    "pk": 27,
    "fields": {
        "name": "auto_order.view",
        "description": "Auto Order | View"
    }
}, {
    "model": "leadgalaxy.apppermission",
    "pk": 28,
    "fields": {
        "name": "auto_order.use",
        "description": "Auto Order | Use"
    }
}, {
    "model": "leadgalaxy.apppermission",
    "pk": 29,
    "fields": {
        "name": "amazon_import.use",
        "description": "Amazon Import | Use"
    }
}, {
    "model": "leadgalaxy.apppermission",
    "pk": 30,
    "fields": {
        "name": "price_changes.view",
        "description": "Price Changes | View"
    }
}, {
    "model": "leadgalaxy.apppermission",
    "pk": 31,
    "fields": {
        "name": "price_changes.use",
        "description": "Price Changes | Use"
    }
}, {
    "model": "leadgalaxy.apppermission",
    "pk": 32,
    "fields": {
        "name": "sammydress_import.use",
        "description": "Sammydress Import | Use"
    }
}, {
    "model": "leadgalaxy.apppermission",
    "pk": 34,
    "fields": {
        "name": "ebay_import.use",
        "description": "eBay Import | Use"
    }
}, {
    "model": "leadgalaxy.apppermission",
    "pk": 35,
    "fields": {
        "name": "aliexpress_import.use",
        "description": "Aliexpress Import | Use"
    }
}, {
    "model": "leadgalaxy.apppermission",
    "pk": 36,
    "fields": {
        "name": "alibaba_import.use",
        "description": "Alibaba Import | Use"
    }
}, {
    "model": "leadgalaxy.apppermission",
    "pk": 38,
    "fields": {
        "name": "dhgate_import.use",
        "description": "DHGate Import | Use"
    }
}, {
    "model": "leadgalaxy.apppermission",
    "pk": 39,
    "fields": {
        "name": "tmart_import.use",
        "description": "Tmart Import | Use"
    }
}, {
    "model": "leadgalaxy.apppermission",
    "pk": 40,
    "fields": {
        "name": "overstock_import.use",
        "description": "OverStock Import | Use"
    }
}, {
    "model": "leadgalaxy.apppermission",
    "pk": 41,
    "fields": {
        "name": "unlimited_stores.use",
        "description": "Unlimited Stores | Use"
    }
}, {
    "model": "leadgalaxy.apppermission",
    "pk": 43,
    "fields": {
        "name": "unlimited_products.use",
        "description": "Unlimited Products | Use"
    }
}, {
    "model": "leadgalaxy.apppermission",
    "pk": 44,
    "fields": {
        "name": "unlimited_boards.use",
        "description": "Unlimited Boards | Use"
    }
}, {
    "model": "leadgalaxy.apppermission",
    "pk": 45,
    "fields": {
        "name": "product_feeds.use",
        "description": "Product Feeds | Use"
    }
}, {
    "model": "leadgalaxy.apppermission",
    "pk": 47,
    "fields": {
        "name": "banggood_import.use",
        "description": "Banggood Import | Use"
    }
}, {
    "model": "leadgalaxy.apppermission",
    "pk": 48,
    "fields": {
        "name": "walmart_import.use",
        "description": "Walmart Import | Use"
    }
}, {
    "model": "leadgalaxy.apppermission",
    "pk": 49,
    "fields": {
        "name": "blinq_import.use",
        "description": "Blinq Import | Use"
    }
}, {
    "model": "leadgalaxy.apppermission",
    "pk": 50,
    "fields": {
        "name": "wish_import.use",
        "description": "Wish Import | Use"
    }
}, {
    "model": "leadgalaxy.apppermission",
    "pk": 51,
    "fields": {
        "name": "costco_import.use",
        "description": "Costco Import | Use"
    }
}, {
    "model": "leadgalaxy.apppermission",
    "pk": 52,
    "fields": {
        "name": "teespoon_import.use",
        "description": "Teespoon Import | Use"
    }
}, {
    "model": "leadgalaxy.apppermission",
    "pk": 53,
    "fields": {
        "name": "aliexpress_affiliate.use",
        "description": "Aliexpress Affiliate | Use"
    }
}, {
    "model": "leadgalaxy.apppermission",
    "pk": 54,
    "fields": {
        "name": "sub_users.use",
        "description": "Manage Sub Users | Use"
    }
}, {
    "model": "leadgalaxy.apppermission",
    "pk": 55,
    "fields": {
        "name": "etsy_import.use",
        "description": "Etsy Import | Use"
    }
}, {
    "model": "leadgalaxy.apppermission",
    "pk": 56,
    "fields": {
        "name": "groupon_import.use",
        "description": "Groupon Import | Use"
    }
}, {
    "model": "leadgalaxy.apppermission",
    "pk": 57,
    "fields": {
        "name": "pinterest_import.use",
        "description": "Pinterest Sorting | Use"
    }
}, {
    "model": "leadgalaxy.apppermission",
    "pk": 58,
    "fields": {
        "name": "fashiongo_import.use",
        "description": "FashionGo Import | Use"
    }
}, {
    "model": "leadgalaxy.apppermission",
    "pk": 59,
    "fields": {
        "name": "combined_order.use",
        "description": "Combined Order | Use"
    }
}, {
    "model": "leadgalaxy.apppermission",
    "pk": 61,
    "fields": {
        "name": "myshopify_integration.use",
        "description": "Bulk Edit in Shopify | Use"
    }
}, {
    "model": "leadgalaxy.apppermission",
    "pk": 62,
    "fields": {
        "name": "lashowroom_import.use",
        "description": "LaShowRoom Import | Use"
    }
}, {
    "model": "leadgalaxy.apppermission",
    "pk": 63,
    "fields": {
        "name": "sunfrog_import.use",
        "description": "Sunfrog Import | Use"
    }
}, {
    "model": "leadgalaxy.apppermission",
    "pk": 64,
    "fields": {
        "name": "pixlr_photo_editor.view",
        "description": "Pixlr Photo Editor | View"
    }
}, {
    "model": "leadgalaxy.apppermission",
    "pk": 65,
    "fields": {
        "name": "pixlr_photo_editor.use",
        "description": "Pixlr Photo Editor | Use"
    }
}, {
    "model": "leadgalaxy.apppermission",
    "pk": 66,
    "fields": {
        "name": "price_change_options.use",
        "description": "Alerts Options"
    }
}, {
    "model": "leadgalaxy.apppermission",
    "pk": 67,
    "fields": {
        "name": "import_from_any.use",
        "description": "Import From Any Store"
    }
}, {
    "model": "leadgalaxy.apppermission",
    "pk": 68,
    "fields": {
        "name": "shineon_import.use",
        "description": "Shineon Import | Use"
    }
}, {
    "model": "leadgalaxy.apppermission",
    "pk": 69,
    "fields": {
        "name": "grandinroad_import.use",
        "description": "GrandinRoad Import | Use"
    }
}, {
    "model": "leadgalaxy.apppermission",
    "pk": 70,
    "fields": {
        "name": "opticsplanet_import.use",
        "description": "OpticsPlanet Import | Use"
    }
}, {
    "model": "leadgalaxy.apppermission",
    "pk": 71,
    "fields": {
        "name": "kmart_import.use",
        "description": "KMart Import | Use"
    }
}, {
    "model": "leadgalaxy.apppermission",
    "pk": 73,
    "fields": {
        "name": "tmall_import.use",
        "description": "Tmall Import | Use"
    }
}, {
    "model": "leadgalaxy.apppermission",
    "pk": 75,
    "fields": {
        "name": "wanelo_import.use",
        "description": "Wanelo Import | Use"
    }
}, {
    "model": "leadgalaxy.apppermission",
    "pk": 76,
    "fields": {
        "name": "taobao_import.use",
        "description": "Taobao Import | Use"
    }
}, {
    "model": "leadgalaxy.apppermission",
    "pk": 77,
    "fields": {
        "name": "toysrus_import.use",
        "description": "Toysrus Import | Use"
    }
}, {
    "model": "leadgalaxy.apppermission",
    "pk": 78,
    "fields": {
        "name": "suppliers_shipping_mapping.use",
        "description": "Suppliers & Shipping Mapping | Use"
    }
}, {
    "model": "leadgalaxy.apppermission",
    "pk": 79,
    "fields": {
        "name": "gearbest_import.use",
        "description": "GearBest Import | Use"
    }
}, {
    "model": "leadgalaxy.apppermission",
    "pk": 80,
    "fields": {
        "name": "allstarhealth_import.use",
        "description": "AllStarHealth Import | Use"
    }
}, {
    "model": "leadgalaxy.apppermission",
    "pk": 81,
    "fields": {
        "name": "notonthehighstreet_import.use",
        "description": "NotOnTheHighStreet Import | Use"
    }
}, {
    "model": "leadgalaxy.apppermission",
    "pk": 82,
    "fields": {
        "name": "wayfair_import.use",
        "description": "WayFair Import | Use"
    }
}, {
    "model": "leadgalaxy.apppermission",
    "pk": 83,
    "fields": {
        "name": "target_import.use",
        "description": "Target Import | Use"
    }
}, {
    "model": "leadgalaxy.apppermission",
    "pk": 84,
    "fields": {
        "name": "bedbathandbeyond_import.use",
        "description": "BedBathAndBeyond Import | Use"
    }
}, {
    "model": "leadgalaxy.apppermission",
    "pk": 85,
    "fields": {
        "name": "partycity_import.use",
        "description": "PartyCity Import | Use"
    }
}, {
    "model": "leadgalaxy.apppermission",
    "pk": 86,
    "fields": {
        "name": "qvc_import.use",
        "description": "Qvc Import | Use"
    }
}, {
    "model": "leadgalaxy.apppermission",
    "pk": 87,
    "fields": {
        "name": "qvcuk_import.use",
        "description": "qvcuk Import | Use"
    }
}, {
    "model": "leadgalaxy.apppermission",
    "pk": 88,
    "fields": {
        "name": "staples_import.use",
        "description": "staples Import | Use"
    }
}, {
    "model": "leadgalaxy.apppermission",
    "pk": 89,
    "fields": {
        "name": "vat19_import.use",
        "description": "vat19 Import | Use"
    }
}, {
    "model": "leadgalaxy.apppermission",
    "pk": 93,
    "fields": {
        "name": "turnoversinc_import.use",
        "description": "turnoversinc Import | Use"
    }
}, {
    "model": "leadgalaxy.apppermission",
    "pk": 94,
    "fields": {
        "name": "gmarket_import.use",
        "description": "gmarket Import | Use"
    }
}, {
    "model": "leadgalaxy.apppermission",
    "pk": 95,
    "fields": {
        "name": "wholesalecentral_import.use",
        "description": "wholesalecentral Import | Use"
    }
}, {
    "model": "leadgalaxy.apppermission",
    "pk": 96,
    "fields": {
        "name": "childrensplace_import.use",
        "description": "childrensplace Import | Use"
    }
}, {
    "model": "leadgalaxy.apppermission",
    "pk": 97,
    "fields": {
        "name": "crazy8_import.use",
        "description": "crazy8 Import | Use"
    }
}, {
    "model": "leadgalaxy.apppermission",
    "pk": 98,
    "fields": {
        "name": "fasttech_import.use",
        "description": "fasttech Import | Use"
    }
}, {
    "model": "leadgalaxy.apppermission",
    "pk": 99,
    "fields": {
        "name": "wholesalevapor_import.use",
        "description": "wholesalevapor Import | Use"
    }
}, {
    "model": "leadgalaxy.apppermission",
    "pk": 100,
    "fields": {
        "name": "capellaflavors_import.use",
        "description": "CapellaFlavors Import | Use"
    }
}, {
    "model": "leadgalaxy.apppermission",
    "pk": 101,
    "fields": {
        "name": "clippingmagic.use",
        "description": "Clipping Magic | Use"
    }
}, {
    "model": "leadgalaxy.apppermission",
    "pk": 102,
    "fields": {
        "name": "admitad_affiliate.use",
        "description": "Admitad Affiliate"
    }
}, {
    "model": "leadgalaxy.apppermission",
    "pk": 103,
    "fields": {
        "name": "order_imports.use",
        "description": "Orders Tracking ID Import"
    }
}, {
    "model": "leadgalaxy.apppermission",
    "pk": 104,
    "fields": {
        "name": "orders_export.use",
        "description": "Orders Export"
    }
}, {
    "model": "leadgalaxy.apppermission",
    "pk": 105,
    "fields": {
        "name": "dogsupplies_import.use",
        "description": "DogSupplies Import | Use"
    }
}, {
    "model": "leadgalaxy.apppermission",
    "pk": 106,
    "fields": {
        "name": "rosewholesale_import.use",
        "description": "RoseWholeSale Import | Use"
    }
}, {
    "model": "leadgalaxy.apppermission",
    "pk": 107,
    "fields": {
        "name": "shein_import.use",
        "description": "SheIn Import | Use"
    }
}, {
    "model": "leadgalaxy.apppermission",
    "pk": 108,
    "fields": {
        "name": "proflowers_import.use",
        "description": "ProFlowers Import | Use"
    }
}, {
    "model": "leadgalaxy.apppermission",
    "pk": 109,
    "fields": {
        "name": "weddingfactorydirect_import.use",
        "description": "WeddingFactoryDirect Import | Use"
    }
}, {
    "model": "leadgalaxy.apppermission",
    "pk": 110,
    "fields": {
        "name": "commercehq.use",
        "description": "CommerceHQ Integration"
    }
}, {
    "model": "leadgalaxy.apppermission",
    "pk": 111,
    "fields": {
        "name": "aliexpress_captcha.use",
        "description": "Aliexpress Captcha"
    }
}, {
    "model": "leadgalaxy.apppermission",
    "pk": 112,
    "fields": {
        "name": "5brides_import.use",
        "description": "5brides Import | Use"
    }
}, {
    "model": "leadgalaxy.apppermission",
    "pk": 113,
    "fields": {
        "name": "1688_import.use",
        "description": "1688 Import | Use"
    }
}, {
    "model": "leadgalaxy.apppermission",
    "pk": 114,
    "fields": {
        "name": "novatechwholesale_import.use",
        "description": "novatechwholesale Import | Use"
    }
}, {
    "model": "leadgalaxy.apppermission",
    "pk": 115,
    "fields": {
        "name": "exclude_products.use",
        "description": "Exclude Products"
    }
}, {
    "model": "leadgalaxy.apppermission",
    "pk": 116,
    "fields": {
        "name": "mapping_bundle.use",
        "description": "Product Bundle"
    }
}, {
    "model": "leadgalaxy.apppermission",
    "pk": 117,
    "fields": {
        "name": "youzign.use",
        "description": "YouZign"
    }
}, {
    "model": "leadgalaxy.apppermission",
    "pk": 118,
    "fields": {
        "name": "dropwow.use",
        "description": "Dropwow Integration"
    }
}, {
    "model": "leadgalaxy.apppermission",
    "pk": 119,
    "fields": {
        "name": "profit_dashboard.use",
        "description": "Profit Dashboard"
    }
}, {
    "model": "leadgalaxy.apppermission",
    "pk": 120,
    "fields": {
        "name": "woocommerce.use",
        "description": "WooCommerce Integration"
    }
}, {
    "model": "leadgalaxy.apppermission",
    "pk": 121,
    "fields": {
        "name": "affiliation.use",
        "description": "Auto Affiliation"
    }
}, {
    "model": "leadgalaxy.apppermission",
    "pk": 122,
    "fields": {
        "name": "profit_dashboard_facebook.use",
        "description": "Profit Dashboard Facebook"
    }
}, {
    "model": "leadgalaxy.apppermission",
    "pk": 123,
    "fields": {
        "name": "bulk_order.use",
        "description": "Bulk Order Processing"
    }
}, {
    "model": "leadgalaxy.apppermission",
    "pk": 124,
    "fields": {
        "name": "fulfillbox.use",
        "description": "FulfillBox"
    }
}, {
    "model": "leadgalaxy.apppermission",
    "pk": 125,
    "fields": {
        "name": "zapier.use",
        "description": "Zapier Integration"
    }
}, {
    "model": "leadgalaxy.apppermission",
    "pk": 126,
    "fields": {
        "name": "gearbubble.use",
        "description": "GearBubble"
    }
}, {
    "model": "leadgalaxy.apppermission",
    "pk": 127,
    "fields": {
        "name": "unlimited_catpcha.use",
        "description": "Unlimited Captcha Solver"
    }
}, {
    "model": "leadgalaxy.apppermission",
    "pk": 128,
    "fields": {
        "name": "google_product_feed.use",
        "description": "Google Product Feed"
    }
}, {
    "model": "leadgalaxy.apppermission",
    "pk": 129,
    "fields": {
        "name": "profit_dashboard.view",
        "description": "Profit Dashboard Upsell | View"
    }
}, {
    "model": "leadgalaxy.apppermission",
    "pk": 130,
    "fields": {
        "name": "youtube_ads.use",
        "description": "TubeHunt"
    }
}, {
    "model": "leadgalaxy.apppermission",
    "pk": 131,
    "fields": {
        "name": "phone_automation.use",
        "description": "CallFlex Feature"
    }
}, {
    "model": "leadgalaxy.apppermission",
    "pk": 132,
    "fields": {
        "name": "phone_automation_unlimited_phone_numbers.use",
        "description": "CallFlex Unlimited Number"
    }
}, {
    "model": "leadgalaxy.apppermission",
    "pk": 133,
    "fields": {
        "name": "phone_automation_unlimited_calls.use",
        "description": "CallFlex Unlimited Calls"
    }
}, {
    "model": "leadgalaxy.apppermission",
    "pk": 134,
    "fields": {
        "name": "ebay_auto_fulfill.use",
        "description": "eBay Auto Fulfill"
    }
}, {
    "model": "leadgalaxy.apppermission",
    "pk": 135,
    "fields": {
        "name": "bigcommerce.use",
        "description": "BigCommerce Integration"
    }
}, {
    "model": "leadgalaxy.apppermission",
    "pk": 136,
    "fields": {
        "name": "unlimited_unique_supplements.use",
        "description": "Unlimited unique supplements"
    }
}, {
    "model": "leadgalaxy.apppermission",
    "pk": 137,
    "fields": {
        "name": "unlimited_user_supplements.use",
        "description": "Unlimited user supplements"
    }
}, {
    "model": "stripe_subscription.stripeplan",
    "pk": 1,
    "fields": {
        "name": "Lite Plan",
        "plan": 17,
        "amount": "9.00",
        "currency": "usd",
        "retail_amount": "0.00",
        "interval": "month",
        "interval_count": 1,
        "trial_period_days": 14,
        "statement_descriptor": "SHOPIFIED LITE PLAN",
        "stripe_id": "SA_TEST_1d3ed571",
        "created_at": "2016-06-29T19:18:27.271Z"
    }
}, {
    "model": "stripe_subscription.stripeplan",
    "pk": 2,
    "fields": {
        "name": "Pro Plan",
        "plan": 18,
        "amount": "27.00",
        "currency": "usd",
        "retail_amount": "54.00",
        "interval": "month",
        "interval_count": 1,
        "trial_period_days": 14,
        "statement_descriptor": "SHOPIFIED PRO PLAN",
        "stripe_id": "SA_TEST_b7979cc3",
        "created_at": "2016-06-29T19:23:26.345Z"
    }
}, {
    "model": "stripe_subscription.stripeplan",
    "pk": 3,
    "fields": {
        "name": "Elite Plan",
        "plan": 19,
        "amount": "47.00",
        "currency": "usd",
        "retail_amount": "94.00",
        "interval": "month",
        "interval_count": 1,
        "trial_period_days": 0,
        "statement_descriptor": "DROPIFIED ELITE",
        "stripe_id": "SA_TEST_ab4ddf74",
        "created_at": "2016-06-29T19:24:05.770Z"
    }
}, {
    "model": "stripe_subscription.stripeplan",
    "pk": 4,
    "fields": {
        "name": "Unlimited Plan",
        "plan": 21,
        "amount": "99.00",
        "currency": "usd",
        "retail_amount": "149.00",
        "interval": "month",
        "interval_count": 1,
        "trial_period_days": 0,
        "statement_descriptor": "DROPIFIED UNLIMITED",
        "stripe_id": "SA_TEST_be6443a1",
        "created_at": "2016-09-29T13:45:08.442Z"
    }
}, {
    "model": "stripe_subscription.stripeplan",
    "pk": 5,
    "fields": {
        "name": "Startup Plan",
        "plan": 22,
        "amount": "0.00",
        "currency": "usd",
        "retail_amount": "0.00",
        "interval": "month",
        "interval_count": 1,
        "trial_period_days": 0,
        "statement_descriptor": null,
        "stripe_id": "SA_TEST_da4fa7ad",
        "created_at": "2017-04-04T15:23:30.089Z"
    }
}, {
    "model": "stripe_subscription.stripeplan",
    "pk": 6,
    "fields": {
        "name": "Free Plan",
        "plan": 20,
        "amount": "0.00",
        "currency": "usd",
        "retail_amount": "0.00",
        "interval": "month",
        "interval_count": 1,
        "trial_period_days": 0,
        "statement_descriptor": null,
        "stripe_id": "SA_TEST_914f7fec",
        "created_at": "2017-07-24T10:21:36.791Z"
    }
}, {
    "model": "stripe_subscription.stripeplan",
    "pk": 7,
    "fields": {
        "name": "Starter Plan",
        "plan": 27,
        "amount": "0.00",
        "currency": "usd",
        "retail_amount": "0.00",
        "interval": "month",
        "interval_count": 1,
        "trial_period_days": 0,
        "statement_descriptor": null,
        "stripe_id": "SA_TEST_d7d52f01",
        "created_at": "2017-10-17T13:57:11.834Z"
    }
}, {
    "model": "stripe_subscription.stripeplan",
    "pk": 8,
    "fields": {
        "name": "Unlimited Lifetime - One Time",
        "plan": 28,
        "amount": "997.00",
        "currency": "usd",
        "retail_amount": "0.00",
        "interval": "year",
        "interval_count": 1,
        "trial_period_days": 0,
        "statement_descriptor": null,
        "stripe_id": "SA_TEST_1fc73042",
        "created_at": "2017-11-28T16:56:27.501Z"
    }
}, {
    "model": "stripe_subscription.stripeplan",
    "pk": 9,
    "fields": {
        "name": "Unlimited Lifetime - 3 Payments ",
        "plan": 29,
        "amount": "397.00",
        "currency": "usd",
        "retail_amount": "0.00",
        "interval": "month",
        "interval_count": 1,
        "trial_period_days": 0,
        "statement_descriptor": null,
        "stripe_id": "SA_TEST_b2429b71",
        "created_at": "2017-11-28T17:01:57.285Z"
    }
}, {
    "model": "stripe_subscription.stripeplan",
    "pk": 10,
    "fields": {
        "name": "Unlimited - Yearly",
        "plan": 30,
        "amount": "997.00",
        "currency": "usd",
        "retail_amount": "0.00",
        "interval": "year",
        "interval_count": 1,
        "trial_period_days": 0,
        "statement_descriptor": null,
        "stripe_id": "SA_TEST_abc1e9f7",
        "created_at": "2017-12-05T19:21:56.684Z"
    }
}, {
    "model": "stripe_subscription.stripeplan",
    "pk": 12,
    "fields": {
        "name": "Unlimited Lifetime <Internal Use Only>",
        "plan": 31,
        "amount": "0.00",
        "currency": "usd",
        "retail_amount": "0.00",
        "interval": "month",
        "interval_count": 1,
        "trial_period_days": 0,
        "statement_descriptor": null,
        "stripe_id": "SA_TEST_691652ee",
        "created_at": "2017-12-08T21:45:01.525Z"
    }
}, {
    "model": "stripe_subscription.stripeplan",
    "pk": 13,
    "fields": {
        "name": "Elite Plan - 7 Days Trial",
        "plan": 32,
        "amount": "47.00",
        "currency": "usd",
        "retail_amount": "94.00",
        "interval": "month",
        "interval_count": 1,
        "trial_period_days": 7,
        "statement_descriptor": "DROPIFIED ELITE",
        "stripe_id": "SA_TEST_2fca5c82",
        "created_at": "2017-12-13T19:43:28.202Z"
    }
}, {
    "model": "stripe_subscription.stripeplan",
    "pk": 14,
    "fields": {
        "name": "Elite Plan - Yearly",
        "plan": 33,
        "amount": "497.00",
        "currency": "usd",
        "retail_amount": "0.00",
        "interval": "year",
        "interval_count": 1,
        "trial_period_days": 0,
        "statement_descriptor": "ELITE PLAN YEARLY",
        "stripe_id": "SA_TEST_f497a136",
        "created_at": "2018-03-05T22:35:48.658Z"
    }
}, {
    "model": "stripe_subscription.stripeplan",
    "pk": 15,
    "fields": {
        "name": "Builder Plan",
        "plan": 34,
        "amount": "47.00",
        "currency": "usd",
        "retail_amount": "0.00",
        "interval": "month",
        "interval_count": 1,
        "trial_period_days": 0,
        "statement_descriptor": "DROPIFIED BUILDER",
        "stripe_id": "SA_TEST_28f4cd70",
        "created_at": "2018-06-13T18:51:29.445Z"
    }
}, {
    "model": "stripe_subscription.stripeplan",
    "pk": 16,
    "fields": {
        "name": "Premier Plan",
        "plan": 35,
        "amount": "97.00",
        "currency": "usd",
        "retail_amount": "0.00",
        "interval": "month",
        "interval_count": 1,
        "trial_period_days": 0,
        "statement_descriptor": "DROPIFIED PREMIER",
        "stripe_id": "SA_TEST_4dbb315e",
        "created_at": "2018-06-13T18:52:06.684Z"
    }
}, {
    "model": "stripe_subscription.stripeplan",
    "pk": 17,
    "fields": {
        "name": "Premier Yearly Plan",
        "plan": 41,
        "amount": "948.00",
        "currency": "usd",
        "retail_amount": "0.00",
        "interval": "year",
        "interval_count": 1,
        "trial_period_days": 14,
        "statement_descriptor": "PREMIER YEARLY PLAN",
        "stripe_id": "SA_TEST_ba5395b1",
        "created_at": "2018-09-18T00:13:23.838Z"
    }
}, {
    "model": "stripe_subscription.stripeplan",
    "pk": 18,
    "fields": {
        "name": "Builder Yearly Plan",
        "plan": 40,
        "amount": "468.00",
        "currency": "usd",
        "retail_amount": "0.00",
        "interval": "year",
        "interval_count": 1,
        "trial_period_days": 14,
        "statement_descriptor": "BUILDER YEARLY PLAN",
        "stripe_id": "SA_TEST_957ce860",
        "created_at": "2018-09-18T00:14:12.898Z"
    }
}, {
    "model": "stripe_subscription.stripeplan",
    "pk": 19,
    "fields": {
        "name": "Lifetime Plan",
        "plan": 44,
        "amount": "1497.00",
        "currency": "usd",
        "retail_amount": "0.00",
        "interval": "year",
        "interval_count": 1,
        "trial_period_days": 0,
        "statement_descriptor": "DROPIFIED LIFETIME PLA",
        "stripe_id": "SA_TEST_f460af81",
        "created_at": "2018-10-05T14:26:29.850Z"
    }
}, {
    "model": "stripe_subscription.stripeplan",
    "pk": 20,
    "fields": {
        "name": "Premier Plan",
        "plan": 45,
        "amount": "127.00",
        "currency": "usd",
        "retail_amount": "0.00",
        "interval": "month",
        "interval_count": 1,
        "trial_period_days": 14,
        "statement_descriptor": "DROPIFIED PREMIER PLAN",
        "stripe_id": "SA_TEST_14de9060",
        "created_at": "2018-10-09T22:20:16.412Z"
    }
}, {
    "model": "stripe_subscription.stripeplan",
    "pk": 21,
    "fields": {
        "name": "Premier Yearly Plan",
        "plan": 46,
        "amount": "1164.00",
        "currency": "usd",
        "retail_amount": "0.00",
        "interval": "year",
        "interval_count": 1,
        "trial_period_days": 14,
        "statement_descriptor": null,
        "stripe_id": "SA_TEST_77d970ae",
        "created_at": "2018-10-09T22:21:20.413Z"
    }
}, {
  "model": "stripe_subscription.stripeplan",
  "pk": 24,
  "fields": {
    "name": "Premier Yearly 60DC",
    "plan": 48,
    "amount": "799.00",
    "currency": "usd",
    "retail_amount": "0.00",
    "interval": "year",
    "interval_count": 1,
    "trial_period_days": 1,
    "statement_descriptor": null,
    "stripe_id": "SA_eebe8d78",
    "created_at": "2019-01-31T14:53:57.902Z"
  }
}, {
  "model": "stripe_subscription.stripeplan",
  "pk": 25,
  "fields": {
    "name": "Paused Plan",
    "plan": 49,
    "amount": "12.00",
    "currency": "usd",
    "retail_amount": "0.00",
    "interval": "month",
    "interval_count": 1,
    "trial_period_days": 0,
    "statement_descriptor": "PAUSED PLAN",
    "stripe_id": "SA_dd09d34f",
    "created_at": "2019-02-01T17:35:42.721Z"
  }
}]